date,platform,total_comments,insecurity_count,insecurity_ratio,negative_count,negative_ratio,失业担忧_count,替代焦虑_count,技能过时_count,职业焦虑_count,未来担忧_count,avg_likes,unique_users
2024-10-12,bili,9,0,0.0,0,0.0,0,0,0,0,0,25.11111111111111,9.0
2024-10-13,bili,7,0,0.0,0,0.0,0,0,0,0,0,8.0,7.0
2024-10-14,bili,2,0,0.0,0,0.0,0,0,0,0,0,3.0,2.0
2024-10-15,bili,1,0,0.0,0,0.0,0,0,0,0,0,1.0,1.0
2024-10-16,bili,5,0,0.0,0,0.0,0,0,0,0,0,8.0,5.0
2024-10-17,bili,1,0,0.0,0,0.0,0,0,0,0,0,1.0,1.0
2024-10-18,bili,1,0,0.0,0,0.0,0,0,0,0,0,3.0,1.0
2024-10-21,bili,1,0,0.0,0,0.0,0,0,0,0,0,9.0,1.0
2024-10-22,bili,1,0,0.0,0,0.0,0,0,0,0,0,2.0,1.0
2024-10-24,bili,1,0,0.0,0,0.0,0,0,0,0,0,1.0,1.0
2024-10-25,bili,8,0,0.0,0,0.0,0,0,0,0,0,0.25,2.0
2024-10-26,bili,1,0,0.0,0,0.0,0,0,0,0,0,0.0,1.0
2024-10-27,bili,1,0,0.0,0,0.0,0,0,0,0,0,0.0,1.0
2024-10-28,bili,2,0,0.0,0,0.0,0,0,0,0,0,1.0,2.0
2024-10-30,bili,1,0,0.0,0,0.0,0,0,0,0,0,0.0,1.0
2024-11-04,bili,2,0,0.0,0,0.0,0,0,0,0,0,0.0,2.0
2024-11-05,bili,1,0,0.0,0,0.0,0,0,0,0,0,0.0,1.0
2024-11-07,bili,1,0,0.0,0,0.0,0,0,0,0,0,0.0,1.0
2024-11-14,bili,1,0,0.0,0,0.0,0,0,0,0,0,0.0,1.0
2024-11-18,bili,1,0,0.0,0,0.0,0,0,0,0,0,0.0,1.0
2024-11-29,bili,1,0,0.0,0,0.0,0,0,0,0,0,0.0,1.0
2024-12-03,bili,2,0,0.0,0,0.0,0,0,0,0,0,0.5,1.0
2024-12-11,bili,1,0,0.0,0,0.0,0,0,0,0,0,0.0,1.0
2024-12-12,bili,1,0,0.0,0,0.0,0,0,0,0,0,0.0,1.0
2024-12-13,bili,1,0,0.0,0,0.0,0,0,0,0,0,0.0,1.0
2024-12-21,bili,1,0,0.0,0,0.0,0,0,0,0,0,0.0,1.0
2024-12-30,bili,1,0,0.0,0,0.0,0,0,0,0,0,0.0,1.0
2025-01-02,bili,1,0,0.0,0,0.0,0,0,0,0,0,0.0,1.0
2025-01-07,bili,1,0,0.0,0,0.0,0,0,0,0,0,0.0,1.0
2025-01-19,bili,1,0,0.0,0,0.0,0,0,0,0,0,1.0,1.0
2025-01-27,bili,24,0,0.0,0,0.0,0,0,0,0,0,151.0,22.0
2025-01-28,bili,45,0,0.0,1,0.022222222222222223,0,0,0,0,0,43.71111111111111,38.0
2025-01-29,bili,21,0,0.0,0,0.0,0,0,0,0,0,18.80952380952381,17.0
2025-01-30,bili,6,0,0.0,0,0.0,0,0,0,0,0,18.666666666666668,6.0
2025-01-31,bili,1,0,0.0,0,0.0,0,0,0,0,0,0.0,1.0
2025-02-01,bili,1,0,0.0,0,0.0,0,0,0,0,0,0.0,1.0
2025-02-06,bili,1,0,0.0,0,0.0,0,0,0,0,0,152.0,1.0
2025-02-08,bili,1,0,0.0,0,0.0,0,0,0,0,0,1.0,1.0
2025-02-09,bili,1,0,0.0,0,0.0,0,0,0,0,0,0.0,1.0
2025-02-11,bili,1,0,0.0,0,0.0,0,0,0,0,0,0.0,1.0
2025-02-12,bili,1,0,0.0,0,0.0,0,0,0,0,0,9.0,1.0
2025-02-13,bili,1,0,0.0,0,0.0,0,0,0,0,0,18.0,1.0
2025-02-14,bili,1,0,0.0,0,0.0,0,0,0,0,0,0.0,1.0
2025-02-15,bili,1,0,0.0,0,0.0,0,0,0,0,0,0.0,1.0
2025-02-16,bili,1,0,0.0,0,0.0,0,0,0,0,0,0.0,1.0
2025-02-17,bili,1,0,0.0,0,0.0,0,0,0,0,0,0.0,1.0
2025-02-18,bili,1,0,0.0,0,0.0,0,0,0,0,0,0.0,1.0
2025-02-27,bili,2,0,0.0,0,0.0,0,0,0,0,0,0.0,1.0
2025-03-01,bili,1,0,0.0,0,0.0,0,0,0,0,0,0.0,1.0
2025-03-02,bili,6,0,0.0,0,0.0,0,0,0,0,0,1.1666666666666667,6.0
2025-03-03,bili,14,0,0.0,0,0.0,0,0,0,0,0,0.9285714285714286,13.0
2025-03-04,bili,6,0,0.0,0,0.0,0,0,0,0,0,0.5,5.0
2025-03-05,bili,5,0,0.0,0,0.0,0,0,0,0,0,0.4,5.0
2025-03-06,bili,6,0,0.0,0,0.0,0,0,0,0,0,0.6666666666666666,6.0
2025-03-07,bili,9,0,0.0,0,0.0,0,0,0,0,0,0.5555555555555556,8.0
2025-03-09,bili,3,0,0.0,0,0.0,0,0,0,0,0,0.3333333333333333,2.0
2025-03-10,bili,2,0,0.0,0,0.0,0,0,0,0,0,0.0,2.0
2025-03-16,bili,1,0,0.0,0,0.0,0,0,0,0,0,0.0,1.0
2025-03-27,bili,1,0,0.0,0,0.0,0,0,0,0,0,0.0,1.0
2025-03-28,bili,1,0,0.0,0,0.0,0,0,0,0,0,0.0,1.0
2025-03-29,bili,1,0,0.0,0,0.0,0,0,0,0,0,1.0,1.0
2025-03-31,bili,1,0,0.0,0,0.0,0,0,0,0,0,0.0,1.0
2025-04-01,bili,1,0,0.0,0,0.0,0,0,0,0,0,0.0,1.0
2025-04-17,bili,3,0,0.0,0,0.0,0,0,0,0,0,0.3333333333333333,1.0
2025-04-29,bili,1,0,0.0,0,0.0,0,0,0,0,0,4.0,1.0
2025-05-02,bili,1,0,0.0,0,0.0,0,0,0,0,0,0.0,1.0
2025-05-04,bili,1,0,0.0,0,0.0,0,0,0,0,0,0.0,1.0
2025-05-25,bili,1,0,0.0,0,0.0,0,0,0,0,0,1.0,1.0
2025-06-02,bili,1,0,0.0,0,0.0,0,0,0,0,0,1.0,1.0
2025-06-04,bili,1,0,0.0,0,0.0,0,0,0,0,0,1.0,1.0
2025-06-08,bili,23,0,0.0,0,0.0,0,0,0,0,0,27.91304347826087,20.0
2025-06-09,bili,46,0,0.0,0,0.0,0,0,0,0,0,14.08695652173913,35.0
2025-06-10,bili,157,1,0.006369426751592357,0,0.0,0,0,1,0,0,6.070063694267516,129.0
2025-06-11,bili,54,1,0.018518518518518517,0,0.0,1,0,0,0,0,2.425925925925926,52.0
2025-06-12,bili,50,0,0.0,1,0.02,0,0,0,0,0,0.88,39.0
2025-06-13,bili,58,0,0.0,0,0.0,0,0,0,0,0,30.689655172413794,54.0
2025-06-14,bili,53,1,0.018867924528301886,0,0.0,0,0,1,0,0,18.056603773584907,50.0
2025-06-15,bili,25,1,0.04,0,0.0,0,0,0,1,0,89.0,24.0
2025-06-16,bili,38,0,0.0,0,0.0,0,0,0,0,0,16.894736842105264,33.0
2025-06-17,bili,43,3,0.06976744186046512,1,0.023255813953488372,0,0,3,0,0,4.465116279069767,38.0
2025-06-18,bili,25,1,0.04,0,0.0,0,0,1,0,0,1.64,25.0
2025-06-19,bili,15,0,0.0,0,0.0,0,0,0,0,0,0.13333333333333333,14.0
2025-06-20,bili,19,0,0.0,2,0.10526315789473684,0,0,0,0,0,1.263157894736842,16.0
2025-06-21,bili,11,0,0.0,0,0.0,0,0,0,0,0,11.545454545454545,11.0
2025-06-22,bili,41,0,0.0,0,0.0,0,0,0,0,0,7.951219512195122,33.0
2025-06-23,bili,37,0,0.0,0,0.0,0,0,0,0,0,2.135135135135135,31.0
2025-06-24,bili,26,0,0.0,0,0.0,0,0,0,0,0,23.846153846153847,24.0
2025-06-25,bili,96,0,0.0,2,0.020833333333333332,0,0,0,0,0,26.052083333333332,89.0
2025-06-26,bili,68,0,0.0,1,0.014705882352941176,0,0,0,0,0,16.36764705882353,64.0
2025-06-27,bili,40,0,0.0,0,0.0,0,0,0,0,0,22.775,40.0
2025-06-28,bili,39,0,0.0,1,0.02564102564102564,0,0,0,0,0,19.128205128205128,39.0
2025-06-29,bili,33,0,0.0,0,0.0,0,0,0,0,0,20.939393939393938,32.0
2025-06-30,bili,34,0,0.0,1,0.029411764705882353,0,0,0,0,0,8.323529411764707,33.0
2025-07-01,bili,23,0,0.0,0,0.0,0,0,0,0,0,13.478260869565217,23.0
2025-07-02,bili,16,0,0.0,0,0.0,0,0,0,0,0,3.25,16.0
2025-07-03,bili,22,0,0.0,0,0.0,0,0,0,0,0,1.2272727272727273,19.0
2025-07-04,bili,63,0,0.0,0,0.0,0,0,0,0,0,29.015873015873016,62.0
2025-07-05,bili,80,0,0.0,1,0.0125,0,0,0,0,0,10.025,71.0
2025-07-06,bili,105,0,0.0,0,0.0,0,0,0,0,0,63.8,91.0
2025-07-07,bili,58,0,0.0,0,0.0,0,0,0,0,0,135.79310344827587,49.0
2025-07-08,bili,54,0,0.0,1,0.018518518518518517,0,0,0,0,0,17.51851851851852,44.0
2025-07-09,bili,37,0,0.0,1,0.02702702702702703,0,0,0,0,0,5.918918918918919,34.0
2025-07-10,bili,24,0,0.0,0,0.0,0,0,0,0,0,2.625,23.0
2025-07-11,bili,27,0,0.0,0,0.0,0,0,0,0,0,68.81481481481481,25.0
2025-07-12,bili,67,0,0.0,4,0.05970149253731343,0,0,0,0,0,120.56716417910448,61.0
2025-07-13,bili,73,2,0.0273972602739726,2,0.0273972602739726,0,0,1,1,0,60.15068493150685,63.0
2025-07-14,bili,45,0,0.0,2,0.044444444444444446,0,0,0,0,0,61.977777777777774,41.0
2025-07-15,bili,43,0,0.0,4,0.09302325581395349,0,0,0,0,0,27.86046511627907,41.0
2025-07-16,bili,36,0,0.0,0,0.0,0,0,0,0,0,39.69444444444444,33.0
2025-07-17,bili,52,0,0.0,0,0.0,0,0,0,0,0,16.21153846153846,40.0
2025-07-18,bili,35,0,0.0,0,0.0,0,0,0,0,0,2.3714285714285714,25.0
2025-07-19,bili,22,0,0.0,0,0.0,0,0,0,0,0,5.545454545454546,21.0
2025-07-20,bili,33,0,0.0,0,0.0,0,0,0,0,0,3.3333333333333335,29.0
2025-07-21,bili,23,0,0.0,0,0.0,0,0,0,0,0,4.130434782608695,22.0
2025-07-22,bili,32,0,0.0,0,0.0,0,0,0,0,0,2.6875,27.0
2025-07-23,bili,13,0,0.0,0,0.0,0,0,0,0,0,4.923076923076923,11.0
2025-07-24,bili,11,0,0.0,1,0.09090909090909091,0,0,0,0,0,4.818181818181818,11.0
2025-07-25,bili,22,0,0.0,0,0.0,0,0,0,0,0,2.590909090909091,9.0
2025-07-26,bili,5,0,0.0,0,0.0,0,0,0,0,0,1.2,5.0
2025-07-27,bili,6,0,0.0,1,0.16666666666666666,0,0,0,0,0,13.833333333333334,6.0
2025-07-28,bili,5,0,0.0,0,0.0,0,0,0,0,0,10.4,5.0
2025-07-29,bili,15,0,0.0,0,0.0,0,0,0,0,0,6.533333333333333,13.0
2025-07-30,bili,16,0,0.0,0,0.0,0,0,0,0,0,10.875,13.0
2025-07-31,bili,10,0,0.0,0,0.0,0,0,0,0,0,14.2,9.0
2025-08-01,bili,6,0,0.0,0,0.0,0,0,0,0,0,2.1666666666666665,4.0
2025-08-02,bili,12,0,0.0,0,0.0,0,0,0,0,0,17.25,12.0
2025-08-03,bili,12,0,0.0,0,0.0,0,0,0,0,0,2.8333333333333335,11.0
2025-08-04,bili,11,0,0.0,0,0.0,0,0,0,0,0,4.0,11.0
2025-08-05,bili,7,0,0.0,0,0.0,0,0,0,0,0,1.7142857142857142,7.0
2025-08-06,bili,3,0,0.0,0,0.0,0,0,0,0,0,7.666666666666667,3.0
2025-08-07,bili,12,0,0.0,0,0.0,0,0,0,0,0,8.416666666666666,11.0
2025-08-08,bili,9,0,0.0,0,0.0,0,0,0,0,0,10.0,9.0
2025-08-08,zhihu,1,0,0.0,0,0.0,0,0,0,0,0,2.0,1.0
2025-08-09,bili,7,0,0.0,0,0.0,0,0,0,0,0,3.4285714285714284,6.0
2025-08-10,bili,3,0,0.0,0,0.0,0,0,0,0,0,4.666666666666667,3.0
2025-08-11,bili,10,0,0.0,0,0.0,0,0,0,0,0,7.3,10.0
2025-08-11,zhihu,1,0,0.0,0,0.0,0,0,0,0,0,0.0,1.0
2025-08-12,bili,3,0,0.0,0,0.0,0,0,0,0,0,0.3333333333333333,3.0
2025-08-12,zhihu,1,0,0.0,0,0.0,0,0,0,0,0,3.0,1.0
2025-08-13,bili,9,0,0.0,0,0.0,0,0,0,0,0,0.3333333333333333,5.0
2025-08-14,bili,7,0,0.0,0,0.0,0,0,0,0,0,9.142857142857142,6.0
2025-08-15,bili,6,0,0.0,0,0.0,0,0,0,0,0,2.6666666666666665,6.0
2025-08-16,bili,3,0,0.0,0,0.0,0,0,0,0,0,3.0,3.0
2025-08-17,bili,3,0,0.0,0,0.0,0,0,0,0,0,0.3333333333333333,3.0
2025-08-18,bili,21,0,0.0,1,0.047619047619047616,0,0,0,0,0,142.52380952380952,18.0
2025-08-18,zhihu,5,0,0.0,0,0.0,0,0,0,0,0,1.4,3.0
2025-08-19,bili,22,1,0.045454545454545456,0,0.0,0,0,0,1,0,100.36363636363636,22.0
2025-08-20,bili,19,0,0.0,0,0.0,0,0,0,0,0,10.473684210526315,14.0
2025-08-21,bili,14,0,0.0,0,0.0,0,0,0,0,0,7.428571428571429,10.0
2025-08-22,bili,12,0,0.0,1,0.08333333333333333,0,0,0,0,0,12.75,10.0
2025-08-23,bili,7,0,0.0,0,0.0,0,0,0,0,0,2.4285714285714284,7.0
2025-08-23,zhihu,1,0,0.0,0,0.0,0,0,0,0,0,0.0,1.0
2025-08-24,bili,11,0,0.0,0,0.0,0,0,0,0,0,8.909090909090908,9.0
2025-08-24,zhihu,1,0,0.0,0,0.0,0,0,0,0,0,2.0,1.0
2025-08-25,bili,6,0,0.0,0,0.0,0,0,0,0,0,1.0,6.0
2025-08-25,zhihu,1,0,0.0,0,0.0,0,0,0,0,0,1.0,1.0
2025-08-26,bili,13,1,0.07692307692307693,0,0.0,0,1,0,0,0,15.76923076923077,11.0
2025-08-27,bili,54,0,0.0,0,0.0,0,0,0,0,0,99.88888888888889,50.0
2025-08-27,zhihu,1,0,0.0,0,0.0,0,0,0,0,0,0.0,1.0
2025-08-28,bili,111,0,0.0,3,0.02702702702702703,0,0,0,0,0,113.58558558558559,101.0
2025-08-28,zhihu,3,0,0.0,0,0.0,0,0,0,0,0,0.0,2.0
2025-08-29,bili,20,0,0.0,0,0.0,0,0,0,0,0,2.45,17.0
2025-08-30,bili,15,0,0.0,0,0.0,0,0,0,0,0,29.466666666666665,13.0
2025-08-30,zhihu,1,0,0.0,0,0.0,0,0,0,0,0,1.0,1.0
2025-08-31,bili,17,0,0.0,0,0.0,0,0,0,0,0,3.5294117647058822,15.0
2025-09-01,bili,10,0,0.0,0,0.0,0,0,0,0,0,8.5,10.0
2025-09-01,zhihu,1,0,0.0,0,0.0,0,0,0,0,0,0.0,1.0
2025-09-02,bili,7,0,0.0,0,0.0,0,0,0,0,0,0.0,7.0
2025-09-02,zhihu,6,1,0.16666666666666666,0,0.0,0,1,0,0,0,0.16666666666666666,6.0
2025-09-03,bili,138,0,0.0,3,0.021739130434782608,0,0,0,0,0,2.420289855072464,129.0
2025-09-04,bili,52,0,0.0,1,0.019230769230769232,0,0,0,0,0,5.961538461538462,51.0
2025-09-04,zhihu,2,0,0.0,0,0.0,0,0,0,0,0,0.0,2.0
2025-09-05,bili,13,0,0.0,0,0.0,0,0,0,0,0,27.153846153846153,13.0
2025-09-05,zhihu,32,1,0.03125,0,0.0,0,0,0,0,1,4.21875,26.0
2025-09-06,bili,24,0,0.0,0,0.0,0,0,0,0,0,0.625,21.0
2025-09-06,zhihu,4,0,0.0,0,0.0,0,0,0,0,0,1.0,3.0
2025-09-07,bili,21,0,0.0,0,0.0,0,0,0,0,0,0.9047619047619048,21.0
2025-09-07,zhihu,23,0,0.0,1,0.043478260869565216,0,0,0,0,0,0.43478260869565216,5.0
2025-09-08,bili,7,0,0.0,0,0.0,0,0,0,0,0,1.7142857142857142,7.0
2025-09-08,zhihu,5,0,0.0,0,0.0,0,0,0,0,0,10.4,5.0
2025-09-09,bili,8,0,0.0,0,0.0,0,0,0,0,0,1.125,8.0
2025-09-09,zhihu,6,1,0.16666666666666666,0,0.0,1,0,0,0,0,4.166666666666667,6.0
2025-09-10,bili,7,0,0.0,0,0.0,0,0,0,0,0,0.2857142857142857,7.0
2025-09-10,zhihu,1,0,0.0,0,0.0,0,0,0,0,0,8.0,1.0
2025-09-11,bili,9,0,0.0,0,0.0,0,0,0,0,0,1.2222222222222223,9.0
2025-09-11,zhihu,15,0,0.0,0,0.0,0,0,0,0,0,3.6666666666666665,9.0
2025-09-12,bili,5,0,0.0,0,0.0,0,0,0,0,0,1.8,5.0
2025-09-12,zhihu,3,0,0.0,0,0.0,0,0,0,0,0,1.0,3.0
2025-09-13,bili,9,0,0.0,0,0.0,0,0,0,0,0,0.2222222222222222,9.0
2025-09-13,zhihu,7,0,0.0,0,0.0,0,0,0,0,0,1.1428571428571428,6.0
2025-09-14,bili,20,0,0.0,2,0.1,0,0,0,0,0,215.95,19.0
2025-09-14,zhihu,15,0,0.0,0,0.0,0,0,0,0,0,26.733333333333334,12.0
2025-09-15,bili,55,0,0.0,0,0.0,0,0,0,0,0,499.6,52.0
2025-09-15,zhihu,34,1,0.029411764705882353,1,0.029411764705882353,0,1,0,0,0,6.0,13.0
2025-09-16,bili,18,0,0.0,0,0.0,0,0,0,0,0,1275.888888888889,17.0
2025-09-16,zhihu,23,0,0.0,0,0.0,0,0,0,0,0,5.260869565217392,7.0
2025-09-17,bili,11,0,0.0,0,0.0,0,0,0,0,0,11.0,10.0
2025-09-17,zhihu,4,0,0.0,0,0.0,0,0,0,0,0,14.5,3.0
2025-09-18,bili,7,0,0.0,0,0.0,0,0,0,0,0,1.5714285714285714,7.0
2025-09-18,zhihu,9,0,0.0,0,0.0,0,0,0,0,0,1.1111111111111112,9.0
2025-09-19,bili,36,0,0.0,1,0.027777777777777776,0,0,0,0,0,133.58333333333334,34.0
2025-09-19,zhihu,5,0,0.0,0,0.0,0,0,0,0,0,0.8,5.0
2025-09-20,bili,141,1,0.0070921985815602835,4,0.028368794326241134,0,0,1,0,0,349.4609929078014,130.0
2025-09-20,zhihu,4,0,0.0,0,0.0,0,0,0,0,0,2.5,3.0
2025-09-21,bili,181,0,0.0,1,0.0055248618784530384,0,0,0,0,0,42.80110497237569,169.0
2025-09-21,zhihu,3,0,0.0,0,0.0,0,0,0,0,0,2.3333333333333335,3.0
2025-09-22,bili,97,0,0.0,1,0.010309278350515464,0,0,0,0,0,6.711340206185567,92.0
2025-09-22,zhihu,6,0,0.0,0,0.0,0,0,0,0,0,2.0,6.0
2025-09-23,bili,52,0,0.0,0,0.0,0,0,0,0,0,22.807692307692307,47.0
2025-09-23,zhihu,8,0,0.0,0,0.0,0,0,0,0,0,6.0,7.0
2025-09-24,bili,88,0,0.0,2,0.022727272727272728,0,0,0,0,0,8.159090909090908,77.0
2025-09-24,zhihu,32,1,0.03125,0,0.0,0,0,0,1,0,3.0,26.0
2025-09-25,bili,77,0,0.0,1,0.012987012987012988,0,0,0,0,0,48.33766233766234,73.0
2025-09-25,zhihu,55,1,0.01818181818181818,4,0.07272727272727272,0,0,1,0,0,1.7272727272727273,41.0
2025-09-26,bili,45,0,0.0,0,0.0,0,0,0,0,0,8.666666666666666,41.0
2025-09-26,zhihu,15,2,0.13333333333333333,0,0.0,1,1,0,0,0,1.6666666666666667,14.0
2025-09-27,bili,43,0,0.0,0,0.0,0,0,0,0,0,18.41860465116279,34.0
2025-09-27,zhihu,16,0,0.0,0,0.0,0,0,0,0,0,1.8125,14.0
2025-09-28,bili,37,0,0.0,1,0.02702702702702703,0,0,0,0,0,10.135135135135135,33.0
2025-09-28,zhihu,24,0,0.0,1,0.041666666666666664,0,0,0,0,0,2.1666666666666665,22.0
2025-09-29,bili,16,0,0.0,0,0.0,0,0,0,0,0,3.1875,14.0
2025-09-29,zhihu,15,0,0.0,0,0.0,0,0,0,0,0,0.6666666666666666,14.0
2025-09-30,bili,24,0,0.0,0,0.0,0,0,0,0,0,1.7083333333333333,24.0
2025-09-30,zhihu,18,1,0.05555555555555555,0,0.0,0,1,0,0,0,0.8888888888888888,9.0
2025-10-01,bili,14,0,0.0,0,0.0,0,0,0,0,0,22.285714285714285,12.0
2025-10-01,zhihu,5,0,0.0,0,0.0,0,0,0,0,0,1.2,4.0
2025-10-02,bili,15,0,0.0,0,0.0,0,0,0,0,0,1.2,14.0
2025-10-02,zhihu,13,0,0.0,1,0.07692307692307693,0,0,0,0,0,2.923076923076923,10.0
2025-10-03,bili,12,0,0.0,0,0.0,0,0,0,0,0,1.1666666666666667,10.0
2025-10-03,zhihu,36,0,0.0,0,0.0,0,0,0,0,0,0.5833333333333334,15.0
2025-10-04,bili,15,0,0.0,0,0.0,0,0,0,0,0,1.8666666666666667,15.0
2025-10-04,zhihu,42,1,0.023809523809523808,1,0.023809523809523808,0,1,0,0,0,5.023809523809524,24.0
2025-10-05,bili,6,0,0.0,0,0.0,0,0,0,0,0,0.5,6.0
2025-10-05,zhihu,36,1,0.027777777777777776,0,0.0,0,0,1,0,0,1.1666666666666667,29.0
2025-10-06,bili,6,0,0.0,0,0.0,0,0,0,0,0,4.5,6.0
2025-10-06,zhihu,12,0,0.0,0,0.0,0,0,0,0,0,2.8333333333333335,12.0
2025-10-07,bili,17,0,0.0,1,0.058823529411764705,0,0,0,0,0,2.1176470588235294,16.0
2025-10-07,zhihu,8,0,0.0,0,0.0,0,0,0,0,0,0.5,8.0
2025-10-08,bili,108,1,0.009259259259259259,1,0.009259259259259259,0,0,0,1,0,54.675925925925924,93.0
2025-10-08,zhihu,21,1,0.047619047619047616,0,0.0,1,1,0,0,0,1.0476190476190477,17.0
2025-10-09,bili,57,0,0.0,2,0.03508771929824561,0,0,0,0,0,36.50877192982456,55.0
2025-10-09,zhihu,128,2,0.015625,2,0.015625,0,2,0,0,0,3.109375,81.0
2025-10-10,bili,22,0,0.0,1,0.045454545454545456,0,0,0,0,0,4.0,22.0
2025-10-10,zhihu,63,1,0.015873015873015872,3,0.047619047619047616,1,1,0,0,0,0.5238095238095238,49.0
2025-10-11,bili,16,0,0.0,0,0.0,0,0,0,0,0,7.6875,16.0
2025-10-11,zhihu,25,0,0.0,3,0.12,0,0,0,0,0,0.52,19.0
2025-10-12,bili,11,0,0.0,1,0.09090909090909091,0,0,0,0,0,4.0,11.0
2025-10-12,zhihu,16,0,0.0,1,0.0625,0,0,0,0,0,0.3125,14.0
2025-10-13,bili,9,0,0.0,0,0.0,0,0,0,0,0,1.6666666666666667,9.0
2025-10-13,zhihu,20,0,0.0,0,0.0,0,0,0,0,0,0.45,16.0
2025-10-14,bili,11,0,0.0,0,0.0,0,0,0,0,0,7.7272727272727275,11.0
2025-10-14,zhihu,21,0,0.0,1,0.047619047619047616,0,0,0,0,0,23.80952380952381,20.0
2025-10-15,bili,10,0,0.0,0,0.0,0,0,0,0,0,0.9,10.0
2025-10-15,zhihu,47,0,0.0,1,0.02127659574468085,0,0,0,0,0,8.404255319148936,37.0
2025-10-16,bili,14,0,0.0,0,0.0,0,0,0,0,0,6.357142857142857,12.0
2025-10-16,zhihu,12,0,0.0,0,0.0,0,0,0,0,0,0.9166666666666666,10.0
2025-10-17,bili,32,0,0.0,1,0.03125,0,0,0,0,0,2.375,27.0
2025-10-17,zhihu,14,0,0.0,0,0.0,0,0,0,0,0,0.21428571428571427,10.0
2025-10-18,bili,24,0,0.0,0,0.0,0,0,0,0,0,1.7083333333333333,20.0
2025-10-18,zhihu,8,0,0.0,0,0.0,0,0,0,0,0,1.0,8.0
2025-10-19,bili,11,0,0.0,0,0.0,0,0,0,0,0,3.3636363636363638,11.0
2025-10-19,zhihu,11,1,0.09090909090909091,0,0.0,0,0,1,0,0,3.3636363636363638,9.0
2025-10-20,bili,11,0,0.0,1,0.09090909090909091,0,0,0,0,0,2.909090909090909,9.0
2025-10-20,zhihu,4,0,0.0,0,0.0,0,0,0,0,0,1.5,4.0
2025-10-21,bili,19,0,0.0,0,0.0,0,0,0,0,0,7.2105263157894735,13.0
2025-10-21,zhihu,14,1,0.07142857142857142,0,0.0,0,1,0,0,0,1.8571428571428572,14.0
2025-10-22,bili,12,0,0.0,0,0.0,0,0,0,0,0,11.583333333333334,11.0
2025-10-22,zhihu,41,0,0.0,1,0.024390243902439025,0,0,0,0,0,1.2926829268292683,35.0
2025-10-23,bili,29,0,0.0,0,0.0,0,0,0,0,0,3.1724137931034484,28.0
2025-10-23,zhihu,17,0,0.0,0,0.0,0,0,0,0,0,1.7647058823529411,14.0
2025-10-24,bili,46,0,0.0,1,0.021739130434782608,0,0,0,0,0,4.804347826086956,34.0
2025-10-24,zhihu,37,0,0.0,1,0.02702702702702703,0,0,0,0,0,140.78378378378378,37.0
2025-10-25,bili,32,0,0.0,0,0.0,0,0,0,0,0,4.3125,29.0
2025-10-25,zhihu,25,1,0.04,1,0.04,1,0,0,0,0,24.36,23.0
2025-10-26,bili,31,0,0.0,1,0.03225806451612903,0,0,0,0,0,1.3225806451612903,27.0
2025-10-26,zhihu,48,1,0.020833333333333332,0,0.0,1,0,0,0,0,6.458333333333333,36.0
2025-10-27,bili,17,0,0.0,0,0.0,0,0,0,0,0,2.235294117647059,16.0
2025-10-27,zhihu,81,1,0.012345679012345678,1,0.012345679012345678,0,1,0,0,0,3.308641975308642,74.0
2025-10-28,bili,17,0,0.0,0,0.0,0,0,0,0,0,0.7058823529411765,15.0
2025-10-28,zhihu,106,1,0.009433962264150943,4,0.03773584905660377,1,0,0,0,0,1.8584905660377358,94.0
2025-10-29,bili,9,0,0.0,0,0.0,0,0,0,0,0,34.77777777777778,8.0
2025-10-29,zhihu,42,0,0.0,0,0.0,0,0,0,0,0,1.7142857142857142,39.0
2025-10-30,bili,11,0,0.0,0,0.0,0,0,0,0,0,0.36363636363636365,9.0
2025-10-30,zhihu,39,0,0.0,0,0.0,0,0,0,0,0,0.6410256410256411,34.0
2025-10-31,bili,4,0,0.0,0,0.0,0,0,0,0,0,1.5,4.0
2025-10-31,zhihu,29,0,0.0,0,0.0,0,0,0,0,0,2.7586206896551726,22.0
2025-11-01,bili,5,0,0.0,0,0.0,0,0,0,0,0,1.0,5.0
2025-11-01,zhihu,18,1,0.05555555555555555,0,0.0,0,0,1,0,0,1.8888888888888888,15.0
2025-11-02,bili,6,0,0.0,0,0.0,0,0,0,0,0,0.16666666666666666,6.0
2025-11-02,zhihu,78,0,0.0,0,0.0,0,0,0,0,0,0.782051282051282,41.0
2025-11-03,bili,16,0,0.0,0,0.0,0,0,0,0,0,2.375,14.0
2025-11-03,zhihu,6,0,0.0,0,0.0,0,0,0,0,0,0.16666666666666666,5.0
2025-11-04,bili,4,0,0.0,0,0.0,0,0,0,0,0,4.0,4.0
2025-11-04,zhihu,8,0,0.0,0,0.0,0,0,0,0,0,1.375,8.0
2025-11-05,bili,3,0,0.0,0,0.0,0,0,0,0,0,0.6666666666666666,3.0
2025-11-05,zhihu,45,1,0.022222222222222223,0,0.0,0,0,1,0,0,3.911111111111111,40.0
2025-11-06,bili,4,0,0.0,0,0.0,0,0,0,0,0,0.0,4.0
2025-11-06,zhihu,63,1,0.015873015873015872,0,0.0,1,0,0,0,0,6.428571428571429,61.0
2025-11-07,bili,5,0,0.0,0,0.0,0,0,0,0,0,2.2,5.0
2025-11-07,zhihu,64,1,0.015625,0,0.0,0,1,0,0,0,5.53125,58.0
2025-11-08,bili,3,0,0.0,1,0.3333333333333333,0,0,0,0,0,11.333333333333334,3.0
2025-11-08,zhihu,49,0,0.0,1,0.02040816326530612,0,0,0,0,0,4.0,45.0
2025-11-09,bili,4,0,0.0,0,0.0,0,0,0,0,0,2.5,4.0
2025-11-09,zhihu,65,5,0.07692307692307693,0,0.0,3,1,0,0,1,2.3692307692307693,46.0
2025-11-10,bili,9,0,0.0,0,0.0,0,0,0,0,0,1.2222222222222223,8.0
2025-11-10,zhihu,69,1,0.014492753623188406,3,0.043478260869565216,0,1,0,0,0,6.811594202898551,66.0
2025-11-11,bili,8,0,0.0,0,0.0,0,0,0,0,0,10.25,8.0
2025-11-11,zhihu,147,0,0.0,1,0.006802721088435374,0,0,0,0,0,2.435374149659864,102.0
2025-11-12,bili,6,0,0.0,0,0.0,0,0,0,0,0,3.1666666666666665,6.0
2025-11-12,zhihu,68,1,0.014705882352941176,0,0.0,1,0,0,0,0,0.8529411764705882,53.0
2025-11-13,bili,4,0,0.0,0,0.0,0,0,0,0,0,0.5,4.0
2025-11-13,zhihu,30,0,0.0,0,0.0,0,0,0,0,0,2.1666666666666665,28.0
2025-11-14,bili,5,0,0.0,0,0.0,0,0,0,0,0,0.4,5.0
2025-11-14,zhihu,29,0,0.0,0,0.0,0,0,0,0,0,1.2758620689655173,24.0
2025-11-15,bili,4,0,0.0,0,0.0,0,0,0,0,0,3.25,4.0
2025-11-15,zhihu,27,0,0.0,0,0.0,0,0,0,0,0,2.037037037037037,23.0
2025-11-16,bili,5,0,0.0,0,0.0,0,0,0,0,0,1.2,5.0
2025-11-16,zhihu,138,0,0.0,4,0.028985507246376812,0,0,0,0,0,10.96376811594203,109.0
2025-11-17,bili,40,0,0.0,1,0.025,0,0,0,0,0,298.125,36.0
2025-11-17,zhihu,27,0,0.0,0,0.0,0,0,0,0,0,0.9629629629629629,26.0
2025-11-18,bili,13,0,0.0,0,0.0,0,0,0,0,0,236.53846153846155,13.0
2025-11-18,zhihu,24,1,0.041666666666666664,0,0.0,1,0,0,0,0,1.0833333333333333,24.0
2025-11-19,bili,7,0,0.0,0,0.0,0,0,0,0,0,1.4285714285714286,7.0
2025-11-19,zhihu,37,0,0.0,0,0.0,0,0,0,0,0,1.1891891891891893,26.0
2025-11-20,bili,6,0,0.0,0,0.0,0,0,0,0,0,1.5,6.0
2025-11-20,zhihu,46,0,0.0,1,0.021739130434782608,0,0,0,0,0,0.43478260869565216,31.0
2025-11-21,bili,8,0,0.0,0,0.0,0,0,0,0,0,1249.125,8.0
2025-11-21,zhihu,48,0,0.0,1,0.020833333333333332,0,0,0,0,0,4.5,42.0
2025-11-22,bili,5,0,0.0,0,0.0,0,0,0,0,0,54.0,5.0
2025-11-22,zhihu,47,0,0.0,1,0.02127659574468085,0,0,0,0,0,4.148936170212766,39.0
2025-11-23,bili,4,0,0.0,0,0.0,0,0,0,0,0,17.0,4.0
2025-11-23,zhihu,27,0,0.0,0,0.0,0,0,0,0,0,2.074074074074074,23.0
2025-11-24,bili,7,0,0.0,0,0.0,0,0,0,0,0,1.0,7.0
2025-11-24,zhihu,35,1,0.02857142857142857,0,0.0,0,1,0,0,0,7.9714285714285715,31.0
2025-11-25,bili,6,0,0.0,0,0.0,0,0,0,0,0,8.166666666666666,6.0
2025-11-25,zhihu,64,0,0.0,0,0.0,0,0,0,0,0,7.75,57.0
2025-11-26,bili,5,0,0.0,0,0.0,0,0,0,0,0,8.2,5.0
2025-11-26,zhihu,70,1,0.014285714285714285,2,0.02857142857142857,1,0,0,0,0,1.6285714285714286,53.0
2025-11-27,bili,52,0,0.0,1,0.019230769230769232,0,0,0,0,0,56.01923076923077,49.0
2025-11-27,zhihu,47,1,0.02127659574468085,2,0.0425531914893617,0,1,0,0,0,3.297872340425532,39.0
2025-11-28,bili,54,0,0.0,2,0.037037037037037035,0,0,0,0,0,51.833333333333336,53.0
2025-11-28,zhihu,24,0,0.0,1,0.041666666666666664,0,0,0,0,0,2.375,22.0
2025-11-29,bili,36,0,0.0,0,0.0,0,0,0,0,0,38.19444444444444,36.0
2025-11-29,zhihu,82,0,0.0,1,0.012195121951219513,0,0,0,0,0,11.682926829268293,74.0
2025-11-30,bili,44,0,0.0,0,0.0,0,0,0,0,0,29.045454545454547,38.0
2025-11-30,zhihu,62,1,0.016129032258064516,4,0.06451612903225806,1,0,0,0,0,7.016129032258065,54.0
2025-12-01,bili,33,0,0.0,2,0.06060606060606061,0,0,0,0,0,32.27272727272727,31.0
2025-12-01,zhihu,137,2,0.014598540145985401,3,0.021897810218978103,1,1,0,0,0,2.927007299270073,102.0
2025-12-02,bili,16,0,0.0,0,0.0,0,0,0,0,0,6.75,15.0
2025-12-02,zhihu,81,2,0.024691358024691357,1,0.012345679012345678,1,1,0,0,0,2.54320987654321,62.0
2025-12-03,bili,20,0,0.0,0,0.0,0,0,0,0,0,25.95,19.0
2025-12-03,zhihu,54,0,0.0,2,0.037037037037037035,0,0,0,0,0,0.8333333333333334,46.0
2025-12-04,bili,18,0,0.0,0,0.0,0,0,0,0,0,16.0,16.0
2025-12-04,zhihu,17,3,0.17647058823529413,0,0.0,1,2,0,0,0,0.8235294117647058,16.0
2025-12-05,bili,16,0,0.0,0,0.0,0,0,0,0,0,7.375,16.0
2025-12-05,zhihu,23,1,0.043478260869565216,0,0.0,1,1,0,0,0,1.6521739130434783,20.0
2025-12-06,bili,22,0,0.0,1,0.045454545454545456,0,0,0,0,0,6.136363636363637,22.0
2025-12-06,zhihu,24,0,0.0,0,0.0,0,0,0,0,0,1.9583333333333333,20.0
2025-12-07,bili,20,0,0.0,1,0.05,0,0,0,0,0,5.7,20.0
2025-12-07,zhihu,26,0,0.0,1,0.038461538461538464,0,0,0,0,0,6.653846153846154,24.0
2025-12-08,bili,13,0,0.0,0,0.0,0,0,0,0,0,12.307692307692308,11.0
2025-12-08,zhihu,80,0,0.0,1,0.0125,0,0,0,0,0,11.625,72.0
2025-12-09,bili,7,0,0.0,1,0.14285714285714285,0,0,0,0,0,1.0,6.0
2025-12-09,zhihu,154,2,0.012987012987012988,4,0.025974025974025976,0,1,1,0,0,3.188311688311688,139.0
2025-12-10,bili,8,0,0.0,0,0.0,0,0,0,0,0,1.875,8.0
2025-12-10,zhihu,40,0,0.0,1,0.025,0,0,0,0,0,1.675,37.0
2025-12-11,bili,121,0,0.0,0,0.0,0,0,0,0,0,48.37190082644628,113.0
2025-12-11,zhihu,109,2,0.01834862385321101,1,0.009174311926605505,1,0,1,0,0,6.715596330275229,92.0
2025-12-12,bili,60,0,0.0,0,0.0,0,0,0,0,0,17.216666666666665,58.0
2025-12-12,zhihu,50,0,0.0,2,0.04,0,0,0,0,0,2.36,32.0
2025-12-13,bili,94,0,0.0,2,0.02127659574468085,0,0,0,0,0,1.9574468085106382,77.0
2025-12-13,zhihu,18,1,0.05555555555555555,0,0.0,1,0,0,0,0,0.6666666666666666,14.0
2025-12-14,bili,102,0,0.0,0,0.0,0,0,0,0,0,62.333333333333336,92.0
2025-12-14,zhihu,156,0,0.0,2,0.01282051282051282,0,0,0,0,0,8.365384615384615,92.0
2025-12-15,bili,95,0,0.0,1,0.010526315789473684,0,0,0,0,0,36.89473684210526,86.0
2025-12-15,zhihu,84,0,0.0,5,0.05952380952380952,0,0,0,0,0,1.3333333333333333,66.0
2025-12-16,bili,181,0,0.0,4,0.022099447513812154,0,0,0,0,0,22.082872928176794,172.0
2025-12-16,zhihu,71,1,0.014084507042253521,1,0.014084507042253521,0,0,1,0,0,1.0845070422535212,67.0
2025-12-17,bili,183,0,0.0,2,0.01092896174863388,0,0,0,0,0,104.23497267759562,170.0
2025-12-17,zhihu,47,2,0.0425531914893617,0,0.0,2,0,0,0,0,1.4042553191489362,40.0
2025-12-18,bili,128,0,0.0,2,0.015625,0,0,0,0,0,14.078125,122.0
2025-12-18,zhihu,33,0,0.0,0,0.0,0,0,0,0,0,1.3333333333333333,26.0
2025-12-19,bili,237,0,0.0,2,0.008438818565400843,0,0,0,0,0,80.24050632911393,221.0
2025-12-19,zhihu,46,0,0.0,0,0.0,0,0,0,0,0,1.1956521739130435,36.0
2025-12-20,bili,280,1,0.0035714285714285713,1,0.0035714285714285713,0,1,0,0,0,19.34285714285714,267.0
2025-12-20,zhihu,31,0,0.0,1,0.03225806451612903,0,0,0,0,0,1.2903225806451613,29.0
2025-12-21,bili,427,3,0.00702576112412178,4,0.00936768149882904,0,0,2,0,1,44.540983606557376,402.0
2025-12-21,zhihu,39,0,0.0,1,0.02564102564102564,0,0,0,0,0,1.6923076923076923,35.0
2025-12-22,bili,830,5,0.006024096385542169,14,0.016867469879518072,2,4,0,0,0,125.2277108433735,769.0
2025-12-22,zhihu,100,2,0.02,0,0.0,1,0,1,0,0,8.8,91.0
2025-12-23,bili,742,0,0.0,7,0.009433962264150943,0,0,0,0,0,48.993261455525605,685.0
2025-12-23,zhihu,40,0,0.0,0,0.0,0,0,0,0,0,0.5,37.0
2025-12-24,bili,657,8,0.0121765601217656,11,0.0167427701674277,5,1,1,0,1,19.744292237442924,631.0
2025-12-24,zhihu,37,0,0.0,0,0.0,0,0,0,0,0,1.1891891891891893,34.0
2025-12-25,bili,626,2,0.003194888178913738,4,0.006389776357827476,1,1,0,0,0,27.297124600638977,596.0
2025-12-25,zhihu,88,1,0.011363636363636364,0,0.0,0,1,0,0,0,3.2954545454545454,56.0
2025-12-26,bili,354,4,0.011299435028248588,3,0.00847457627118644,1,2,1,0,0,4.3192090395480225,329.0
2025-12-26,zhihu,164,1,0.006097560975609756,1,0.006097560975609756,0,1,0,0,0,6.524390243902439,123.0
2025-12-27,bili,541,4,0.0073937153419593345,7,0.012939001848428836,0,2,2,0,0,695.2199630314233,514.0
2025-12-27,zhihu,56,0,0.0,0,0.0,0,0,0,0,0,6.892857142857143,48.0
2025-12-28,bili,573,0,0.0,10,0.017452006980802792,0,0,0,0,0,156.4956369982548,546.0
2025-12-28,zhihu,44,1,0.022727272727272728,0,0.0,0,0,1,0,0,11.045454545454545,35.0
2025-12-29,bili,411,2,0.004866180048661801,7,0.0170316301703163,0,1,1,0,0,43.19951338199513,365.0
2025-12-29,zhihu,80,0,0.0,2,0.025,0,0,0,0,0,4.05,66.0
2025-12-30,bili,580,6,0.010344827586206896,10,0.017241379310344827,4,3,0,0,0,26.48448275862069,532.0
2025-12-30,zhihu,87,4,0.04597701149425287,3,0.034482758620689655,2,2,0,0,0,2.9770114942528734,72.0
2025-12-31,bili,463,5,0.01079913606911447,13,0.028077753779697623,2,2,1,0,0,45.77321814254859,439.0
2025-12-31,zhihu,82,1,0.012195121951219513,0,0.0,0,0,1,0,0,2.231707317073171,69.0
2026-01-01,bili,408,2,0.004901960784313725,6,0.014705882352941176,2,0,0,0,0,42.03186274509804,386.0
2026-01-01,zhihu,63,0,0.0,0,0.0,0,0,0,0,0,4.111111111111111,47.0
2026-01-02,bili,472,2,0.00423728813559322,5,0.01059322033898305,1,1,0,0,0,90.92161016949153,425.0
2026-01-02,zhihu,35,1,0.02857142857142857,0,0.0,0,0,1,0,0,3.6285714285714286,23.0
2026-01-03,bili,441,2,0.0045351473922902496,6,0.013605442176870748,1,0,1,0,0,19.990929705215418,410.0
2026-01-03,zhihu,42,0,0.0,1,0.023809523809523808,0,0,0,0,0,2.0952380952380953,33.0
2026-01-04,bili,569,0,0.0,5,0.008787346221441126,0,0,0,0,0,22.926186291739896,518.0
2026-01-04,zhihu,42,0,0.0,0,0.0,0,0,0,0,0,0.7857142857142857,34.0
2026-01-05,bili,524,4,0.007633587786259542,3,0.0057251908396946565,0,1,1,1,1,13.58969465648855,485.0
2026-01-05,zhihu,39,0,0.0,1,0.02564102564102564,0,0,0,0,0,131.25641025641025,33.0
2026-01-06,bili,773,2,0.00258732212160414,9,0.01164294954721863,2,0,0,0,0,24.695989650711514,730.0
2026-01-06,zhihu,107,1,0.009345794392523364,2,0.018691588785046728,0,0,0,1,0,16.822429906542055,89.0
2026-01-07,bili,594,5,0.008417508417508417,5,0.008417508417508417,3,2,0,0,0,39.02020202020202,561.0
2026-01-07,zhihu,39,0,0.0,0,0.0,0,0,0,0,0,0.3333333333333333,35.0
2026-01-08,bili,570,5,0.008771929824561403,7,0.012280701754385965,3,1,1,0,0,24.978947368421053,518.0
2026-01-08,zhihu,43,0,0.0,1,0.023255813953488372,0,0,0,0,0,2.1627906976744184,34.0
2026-01-09,bili,571,1,0.0017513134851138354,8,0.014010507880910683,0,0,1,0,0,18.912434325744307,525.0
2026-01-09,zhihu,49,0,0.0,0,0.0,0,0,0,0,0,4.040816326530612,40.0
2026-01-10,bili,948,3,0.0031645569620253164,8,0.008438818565400843,2,1,1,0,0,19.280590717299578,913.0
2026-01-10,zhihu,52,1,0.019230769230769232,1,0.019230769230769232,1,1,0,0,0,7.769230769230769,37.0
2026-01-11,bili,892,3,0.0033632286995515697,9,0.010089686098654708,1,1,0,0,1,19.504484304932735,844.0
2026-01-11,zhihu,74,0,0.0,3,0.04054054054054054,0,0,0,0,0,11.486486486486486,62.0
2026-01-12,bili,1522,8,0.005256241787122208,29,0.019053876478318004,1,4,3,0,0,18.933639947437584,1435.0
2026-01-12,zhihu,135,4,0.02962962962962963,4,0.02962962962962963,2,2,0,0,0,5.466666666666667,104.0
2026-01-13,bili,978,5,0.005112474437627812,14,0.014314928425357873,3,1,1,0,0,17.9120654396728,940.0
2026-01-13,zhihu,222,3,0.013513513513513514,3,0.013513513513513514,0,3,0,0,0,9.923423423423424,193.0
2026-01-14,bili,661,6,0.009077155824508321,7,0.01059001512859304,1,3,1,0,1,8.314674735249621,616.0
2026-01-14,zhihu,176,1,0.005681818181818182,5,0.028409090909090908,0,1,0,0,0,5.5,143.0
2026-01-15,bili,501,1,0.001996007984031936,5,0.00998003992015968,0,0,1,0,0,15.816367265469061,480.0
2026-01-15,zhihu,203,2,0.009852216748768473,2,0.009852216748768473,0,2,0,0,0,9.177339901477833,178.0
2026-01-16,bili,477,4,0.008385744234800839,7,0.014675052410901468,0,3,1,0,0,15.735849056603774,456.0
2026-01-16,zhihu,161,1,0.006211180124223602,1,0.006211180124223602,1,0,0,0,0,3.1614906832298137,142.0
2026-01-17,bili,927,2,0.002157497303128371,8,0.008629989212513484,0,1,1,0,0,42.980582524271846,873.0
2026-01-17,zhihu,82,2,0.024390243902439025,1,0.012195121951219513,0,1,1,0,0,1.1219512195121952,70.0
2026-01-18,bili,1017,10,0.00983284169124877,9,0.008849557522123894,4,3,2,1,0,34.90167158308751,944.0
2026-01-18,zhihu,117,1,0.008547008547008548,1,0.008547008547008548,1,0,0,0,0,1.0769230769230769,97.0
2026-01-19,bili,732,2,0.00273224043715847,13,0.017759562841530054,1,1,0,0,0,15.28688524590164,689.0
2026-01-19,zhihu,72,2,0.027777777777777776,3,0.041666666666666664,1,0,0,1,0,2.0833333333333335,69.0
2026-01-20,bili,733,4,0.005457025920873124,8,0.010914051841746248,3,1,0,0,0,19.875852660300136,678.0
2026-01-20,zhihu,147,2,0.013605442176870748,1,0.006802721088435374,1,1,0,0,0,7.761904761904762,97.0
2026-01-21,bili,863,7,0.008111239860950173,6,0.006952491309385863,4,2,0,1,0,27.00579374275782,781.0
2026-01-21,zhihu,118,2,0.01694915254237288,2,0.01694915254237288,1,1,0,0,0,2.0338983050847457,106.0
2026-01-22,bili,977,4,0.0040941658137154556,11,0.011258955987717503,4,0,0,0,0,12.665301944728762,892.0
2026-01-22,zhihu,109,0,0.0,2,0.01834862385321101,0,0,0,0,0,2.128440366972477,84.0
2026-01-23,bili,747,18,0.024096385542168676,14,0.018741633199464525,11,6,2,0,0,23.983935742971887,683.0
2026-01-23,zhihu,192,3,0.015625,5,0.026041666666666668,3,1,0,0,0,5.677083333333333,150.0
2026-01-24,bili,840,7,0.008333333333333333,14,0.016666666666666666,4,1,3,0,0,23.483333333333334,801.0
2026-01-24,zhihu,171,4,0.023391812865497075,4,0.023391812865497075,2,0,2,0,0,7.222222222222222,125.0
2026-01-25,bili,833,6,0.007202881152460984,21,0.025210084033613446,3,2,1,0,0,49.37094837935174,795.0
2026-01-25,zhihu,157,0,0.0,2,0.012738853503184714,0,0,0,0,0,4.222929936305732,128.0
2026-01-26,bili,1188,3,0.0025252525252525255,22,0.018518518518518517,1,1,0,1,0,63.31481481481482,1093.0
2026-01-26,zhihu,175,3,0.017142857142857144,3,0.017142857142857144,0,2,1,0,0,1.9314285714285715,144.0
2026-01-26,weibo,3,0,0.0,0,0.0,0,0,0,0,0,,3.0
2026-01-27,bili,705,5,0.0070921985815602835,15,0.02127659574468085,2,0,1,2,0,37.00141843971631,678.0
2026-01-27,zhihu,129,0,0.0,0,0.0,0,0,0,0,0,1.573643410852713,104.0
2026-01-27,weibo,2,0,0.0,0,0.0,0,0,0,0,0,,2.0
2026-01-28,bili,687,2,0.002911208151382824,12,0.017467248908296942,0,0,0,1,1,50.94468704512373,640.0
2026-01-28,zhihu,195,1,0.005128205128205128,1,0.005128205128205128,1,1,0,0,0,4.523076923076923,158.0
2026-01-28,weibo,1,0,0.0,0,0.0,0,0,0,0,0,,1.0
2026-01-29,bili,853,2,0.0023446658851113715,13,0.015240328253223915,1,1,0,0,0,38.45017584994138,820.0
2026-01-29,zhihu,319,5,0.01567398119122257,2,0.006269592476489028,0,2,2,1,0,12.871473354231975,261.0
2026-01-30,bili,784,0,0.0,10,0.012755102040816327,0,0,0,0,0,15.493622448979592,717.0
2026-01-30,zhihu,297,5,0.016835016835016835,4,0.013468013468013467,2,1,1,1,0,1.8484848484848484,253.0
2026-01-31,bili,680,3,0.004411764705882353,6,0.008823529411764706,2,1,1,0,0,11.283823529411764,630.0
2026-01-31,zhihu,171,2,0.011695906432748537,2,0.011695906432748537,0,1,1,0,0,5.087719298245614,144.0
2026-02-01,bili,768,2,0.0026041666666666665,12,0.015625,1,1,0,0,0,11.645833333333334,696.0
2026-02-01,zhihu,270,2,0.007407407407407408,5,0.018518518518518517,0,1,1,0,0,4.059259259259259,226.0
2026-02-01,weibo,2,0,0.0,0,0.0,0,0,0,0,0,,2.0
2026-02-02,bili,583,0,0.0,9,0.015437392795883362,0,0,0,0,0,6.699828473413379,552.0
2026-02-02,zhihu,225,5,0.022222222222222223,3,0.013333333333333334,3,1,2,0,0,3.2933333333333334,177.0
2026-02-03,bili,541,3,0.005545286506469501,6,0.011090573012939002,1,0,1,1,0,105.90573012939002,499.0
2026-02-03,zhihu,402,12,0.029850746268656716,10,0.024875621890547265,4,6,1,1,0,4.865671641791045,292.0
2026-02-04,bili,654,1,0.0015290519877675841,7,0.010703363914373088,1,0,0,0,0,344.414373088685,609.0
2026-02-04,zhihu,158,1,0.006329113924050633,1,0.006329113924050633,0,0,1,0,0,0.7468354430379747,123.0
2026-02-05,bili,515,1,0.001941747572815534,6,0.011650485436893204,0,1,0,0,0,110.89902912621359,492.0
2026-02-05,zhihu,117,5,0.042735042735042736,4,0.03418803418803419,0,2,3,0,0,1.8461538461538463,92.0
2026-02-06,bili,704,2,0.002840909090909091,8,0.011363636363636364,0,1,1,0,0,71.44744318181819,662.0
2026-02-06,zhihu,82,1,0.012195121951219513,5,0.06097560975609756,0,1,0,0,0,0.7804878048780488,68.0
2026-02-07,bili,958,3,0.003131524008350731,12,0.012526096033402923,0,3,0,0,0,214.47912317327766,912.0
2026-02-07,zhihu,97,0,0.0,2,0.020618556701030927,0,0,0,0,0,6.154639175257732,93.0
2026-02-08,bili,725,7,0.009655172413793104,11,0.015172413793103448,3,1,3,0,0,46.91172413793103,680.0
2026-02-08,zhihu,128,4,0.03125,6,0.046875,2,1,0,1,0,2.6171875,104.0
2026-02-08,weibo,1,0,0.0,0,0.0,0,0,0,0,0,,1.0
2026-02-09,bili,872,29,0.033256880733944956,40,0.045871559633027525,14,10,5,1,1,277.1169724770642,832.0
2026-02-09,zhihu,210,12,0.05714285714285714,1,0.004761904761904762,6,4,1,1,0,10.523809523809524,183.0
2026-02-10,bili,801,13,0.016229712858926344,14,0.017478152309612985,6,4,3,1,1,54.29088639200999,737.0
2026-02-10,zhihu,138,3,0.021739130434782608,0,0.0,0,3,0,0,0,1.5289855072463767,119.0
2026-02-10,weibo,1,0,0.0,0,0.0,0,0,0,0,0,,1.0
2026-02-11,bili,749,20,0.0267022696929239,29,0.03871829105473965,7,10,3,0,0,77.46061415220294,694.0
2026-02-11,zhihu,195,4,0.020512820512820513,3,0.015384615384615385,1,3,0,0,0,4.712820512820513,177.0
2026-02-11,weibo,2,0,0.0,0,0.0,0,0,0,0,0,,2.0
2026-02-12,bili,707,13,0.018387553041018388,12,0.016973125884016973,5,8,1,0,0,87.06506364922207,686.0
2026-02-12,zhihu,222,1,0.0045045045045045045,2,0.009009009009009009,0,1,0,0,0,17.603603603603602,202.0
2026-02-12,weibo,1,0,0.0,0,0.0,0,0,0,0,0,,1.0
2026-02-13,bili,663,4,0.006033182503770739,15,0.02262443438914027,0,3,1,0,0,23.063348416289593,615.0
2026-02-13,zhihu,275,7,0.025454545454545455,6,0.02181818181818182,2,5,1,0,0,5.290909090909091,227.0
2026-02-14,bili,861,6,0.006968641114982578,16,0.018583042973286876,1,4,0,1,0,137.57607433217188,800.0
2026-02-14,zhihu,315,2,0.006349206349206349,3,0.009523809523809525,0,1,1,0,0,5.758730158730159,222.0
2026-02-15,bili,1218,17,0.013957307060755337,31,0.025451559934318555,5,11,2,0,0,38.76518883415435,1153.0
2026-02-15,zhihu,313,6,0.019169329073482427,7,0.022364217252396165,1,5,0,0,0,9.715654952076678,246.0
2026-02-16,bili,1085,3,0.0027649769585253456,15,0.013824884792626729,1,1,1,0,0,37.50322580645161,1000.0
2026-02-16,zhihu,247,2,0.008097165991902834,4,0.016194331983805668,1,1,0,0,0,5.433198380566802,202.0
2026-02-17,bili,1084,9,0.008302583025830259,13,0.011992619926199263,4,3,1,1,0,41.101476014760145,1019.0
2026-02-17,zhihu,187,1,0.0053475935828877,6,0.03208556149732621,1,0,0,0,0,2.9411764705882355,153.0
2026-02-18,bili,2231,10,0.0044822949350067235,39,0.01748095024652622,4,5,0,0,1,41.31420887494397,2068.0
2026-02-18,zhihu,276,2,0.007246376811594203,0,0.0,0,2,0,0,0,10.916666666666666,234.0
2026-02-19,bili,1345,7,0.0052044609665427505,20,0.01486988847583643,3,2,1,1,0,19.646840148698885,1283.0
2026-02-19,zhihu,253,3,0.011857707509881422,3,0.011857707509881422,0,3,0,0,0,2.8102766798418974,182.0
2026-02-20,bili,1591,11,0.0069138906348208675,28,0.01759899434318039,6,3,2,0,0,37.32369578881207,1500.0
2026-02-20,zhihu,164,2,0.012195121951219513,0,0.0,0,2,0,0,0,8.201219512195122,147.0
2026-02-21,bili,1873,12,0.006406833956219968,24,0.012813667912439935,6,5,2,0,0,16.271756540309664,1742.0
2026-02-21,zhihu,151,2,0.013245033112582781,1,0.006622516556291391,1,1,0,0,0,5.344370860927152,125.0
2026-02-22,bili,1705,8,0.00469208211143695,26,0.015249266862170088,4,3,1,0,0,11.124926686217009,1589.0
2026-02-22,zhihu,265,3,0.011320754716981131,5,0.018867924528301886,0,1,2,0,0,10.022641509433962,220.0
2026-02-23,bili,1968,12,0.006097560975609756,32,0.016260162601626018,7,3,1,0,1,14.041666666666666,1794.0
2026-02-23,zhihu,226,9,0.03982300884955752,1,0.004424778761061947,7,1,0,1,0,4.415929203539823,175.0
2026-02-23,weibo,1,0,0.0,0,0.0,0,0,0,0,0,,1.0
2026-02-24,bili,1446,5,0.003457814661134163,17,0.011756569847856155,3,1,0,0,1,20.286998616874136,1370.0
2026-02-24,zhihu,257,4,0.01556420233463035,4,0.01556420233463035,0,0,4,0,0,2.7587548638132295,206.0
2026-02-24,weibo,2,0,0.0,0,0.0,0,0,0,0,0,,2.0
2026-02-25,bili,1448,12,0.008287292817679558,23,0.015883977900552487,8,1,1,2,0,15.335635359116022,1343.0
2026-02-25,zhihu,309,5,0.016181229773462782,2,0.006472491909385114,3,1,0,0,1,4.889967637540453,245.0
2026-02-26,bili,1311,18,0.013729977116704805,16,0.012204424103737605,14,2,2,0,1,15.263920671243326,1230.0
2026-02-26,zhihu,528,12,0.022727272727272728,6,0.011363636363636364,8,2,2,0,0,1.706439393939394,365.0
2026-02-27,bili,1473,31,0.021045485403937542,27,0.018329938900203666,19,9,4,0,0,22.126272912423627,1376.0
2026-02-27,zhihu,304,9,0.029605263157894735,2,0.006578947368421052,5,3,1,0,0,2.1907894736842106,250.0
2026-02-27,weibo,1,0,0.0,0,0.0,0,0,0,0,0,,1.0
2026-02-28,bili,1174,14,0.01192504258943782,20,0.017035775127768313,11,4,1,0,0,14.958262350936968,1096.0
2026-02-28,zhihu,330,10,0.030303030303030304,1,0.0030303030303030303,6,3,2,0,0,7.427272727272728,264.0
2026-03-01,bili,1045,16,0.015311004784688996,9,0.00861244019138756,6,7,3,0,1,36.44497607655502,985.0
2026-03-01,zhihu,226,8,0.035398230088495575,3,0.01327433628318584,6,2,0,0,0,6.274336283185841,180.0
2026-03-01,weibo,3,0,0.0,0,0.0,0,0,0,0,0,,3.0
2026-03-02,bili,1145,14,0.01222707423580786,20,0.017467248908296942,6,3,4,1,1,11.56943231441048,1018.0
2026-03-02,zhihu,440,9,0.020454545454545454,3,0.006818181818181818,5,2,2,0,0,5.429545454545455,340.0
2026-03-02,weibo,103,1,0.009708737864077669,0,0.0,0,1,0,0,0,,99.0
2026-03-03,bili,1134,11,0.009700176366843033,20,0.01763668430335097,6,4,1,0,0,13.137566137566138,1082.0
2026-03-03,zhihu,370,9,0.024324324324324326,4,0.010810810810810811,3,3,4,0,0,4.783783783783784,303.0
2026-03-03,weibo,13,0,0.0,0,0.0,0,0,0,0,0,,13.0
2026-03-04,bili,1038,6,0.005780346820809248,7,0.00674373795761079,4,0,2,0,0,13.830443159922929,948.0
2026-03-04,zhihu,324,8,0.024691358024691357,8,0.024691358024691357,2,2,2,2,0,3.7314814814814814,255.0
2026-03-05,bili,921,3,0.003257328990228013,7,0.00760043431053203,2,1,0,0,0,11.348534201954397,856.0
2026-03-05,zhihu,291,3,0.010309278350515464,3,0.010309278350515464,1,1,1,0,0,1.9484536082474226,238.0
2026-03-05,weibo,32,1,0.03125,0,0.0,0,1,0,0,0,,31.0
2026-03-06,bili,1038,23,0.022157996146435453,14,0.01348747591522158,12,12,1,1,1,12.170520231213873,967.0
2026-03-06,zhihu,308,2,0.006493506493506494,6,0.01948051948051948,0,2,0,0,0,1.3116883116883118,207.0
2026-03-06,weibo,52,0,0.0,0,0.0,0,0,0,0,0,,40.0
2026-03-07,bili,1234,19,0.01539708265802269,16,0.012965964343598054,10,7,3,0,0,9.135332252836305,1161.0
2026-03-07,zhihu,226,3,0.01327433628318584,6,0.02654867256637168,1,2,0,0,0,2.690265486725664,188.0
2026-03-07,weibo,157,0,0.0,1,0.006369426751592357,0,0,0,0,0,,148.0
2026-03-08,bili,1319,15,0.011372251705837756,16,0.012130401819560273,6,10,0,0,0,13.50037907505686,1232.0
2026-03-08,zhihu,205,6,0.02926829268292683,0,0.0,1,5,0,0,0,1.3219512195121952,162.0
2026-03-08,weibo,17,0,0.0,0,0.0,0,0,0,0,0,,17.0
2026-03-09,bili,1026,9,0.008771929824561403,11,0.010721247563352826,3,4,1,1,0,14.519493177387915,941.0
2026-03-09,zhihu,243,4,0.01646090534979424,5,0.0205761316872428,2,2,0,0,0,3.674897119341564,185.0
2026-03-09,weibo,31,0,0.0,0,0.0,0,0,0,0,0,,27.0
2026-03-10,bili,1364,14,0.010263929618768328,19,0.013929618768328446,3,9,3,2,0,53.381231671554254,1243.0
2026-03-10,zhihu,270,9,0.03333333333333333,9,0.03333333333333333,4,2,2,1,0,2.751851851851852,229.0
2026-03-10,weibo,18,0,0.0,0,0.0,0,0,0,0,0,,18.0
2026-03-11,bili,1234,13,0.01053484602917342,16,0.012965964343598054,10,3,2,0,0,23.679902755267424,1130.0
2026-03-11,zhihu,412,17,0.0412621359223301,13,0.03155339805825243,12,3,2,0,0,2.533980582524272,342.0
2026-03-11,weibo,32,0,0.0,0,0.0,0,0,0,0,0,,29.0
2026-03-12,bili,847,9,0.010625737898465172,13,0.015348288075560802,4,2,3,1,0,20.403778040141678,795.0
2026-03-12,zhihu,684,20,0.029239766081871343,24,0.03508771929824561,13,5,4,0,0,2.7485380116959064,534.0
2026-03-12,weibo,91,1,0.01098901098901099,0,0.0,0,0,1,0,0,,78.0
2026-03-13,bili,1057,21,0.019867549668874173,16,0.015137180700094607,16,6,2,0,0,26.43519394512772,999.0
2026-03-13,zhihu,636,6,0.009433962264150943,4,0.006289308176100629,5,1,0,0,0,1.5424528301886793,449.0
2026-03-13,weibo,36,0,0.0,0,0.0,0,0,0,0,0,,34.0
2026-03-14,bili,1263,17,0.013460015835312747,8,0.006334125098970704,9,7,2,0,0,13.045922406967538,1189.0
2026-03-14,zhihu,294,6,0.02040816326530612,5,0.017006802721088437,4,1,1,0,0,2.064625850340136,233.0
2026-03-14,weibo,26,0,0.0,0,0.0,0,0,0,0,0,,25.0
2026-03-15,bili,1368,10,0.007309941520467836,11,0.00804093567251462,5,2,3,0,0,13.992690058479532,1291.0
2026-03-15,zhihu,253,4,0.015810276679841896,3,0.011857707509881422,1,3,0,0,0,1.5889328063241106,191.0
2026-03-15,weibo,504,8,0.015873015873015872,11,0.021825396825396824,2,4,2,0,0,,383.0
2026-03-15,xhs,123,0,0.0,0,0.0,0,0,0,0,0,1.951219512195122,88.0
2026-03-16,bili,1297,8,0.006168080185042405,12,0.009252120277563608,4,3,1,0,0,5.4811102544333075,1194.0
2026-03-16,zhihu,339,6,0.017699115044247787,2,0.0058997050147492625,3,3,2,0,0,1.87905604719764,261.0
2026-03-16,weibo,119,1,0.008403361344537815,1,0.008403361344537815,1,0,0,0,0,,83.0
2026-03-17,bili,1215,17,0.013991769547325103,18,0.014814814814814815,10,5,1,2,1,7.078189300411522,1130.0
2026-03-17,zhihu,353,7,0.019830028328611898,11,0.031161473087818695,1,2,1,3,0,4.3229461756373935,288.0
2026-03-17,weibo,11,0,0.0,0,0.0,0,0,0,0,0,,11.0
2026-03-18,bili,1318,14,0.010622154779969651,21,0.015933232169954476,8,4,1,0,1,23.103945371775417,1192.0
2026-03-18,zhihu,503,17,0.033797216699801194,10,0.019880715705765408,10,5,0,2,0,6.612326043737575,432.0
2026-03-18,weibo,9,0,0.0,0,0.0,0,0,0,0,0,,8.0
2026-03-19,bili,1460,20,0.0136986301369863,24,0.01643835616438356,10,7,4,0,0,14.79109589041096,1335.0
2026-03-19,zhihu,876,21,0.023972602739726026,14,0.01598173515981735,9,12,0,1,1,7.761415525114155,718.0
2026-03-19,weibo,7,0,0.0,0,0.0,0,0,0,0,0,,7.0
2026-03-20,bili,1569,15,0.009560229445506692,24,0.015296367112810707,10,3,1,0,1,7.672402804333971,1436.0
2026-03-20,zhihu,936,29,0.030982905982905984,22,0.023504273504273504,11,14,4,1,1,4.919871794871795,746.0
2026-03-21,bili,1302,26,0.019969278033794162,16,0.01228878648233487,20,6,1,0,0,10.38479262672811,1211.0
2026-03-21,zhihu,688,29,0.04215116279069767,13,0.0188953488372093,21,5,2,0,2,5.2354651162790695,544.0
2026-03-22,bili,1518,24,0.015810276679841896,39,0.025691699604743084,19,5,0,0,1,10.146903820816865,1383.0
2026-03-22,zhihu,608,23,0.03782894736842105,15,0.024671052631578948,13,7,2,1,0,5.03125,480.0
2026-03-22,weibo,2,0,0.0,0,0.0,0,0,0,0,0,,2.0
2026-03-23,bili,1673,25,0.014943215780035863,30,0.017931858936043037,19,7,1,0,0,11.997011356843993,1555.0
2026-03-23,zhihu,752,32,0.0425531914893617,16,0.02127659574468085,16,15,1,1,0,8.017287234042554,629.0
2026-03-23,xhs,12,1,0.08333333333333333,1,0.08333333333333333,1,0,0,0,0,4.25,11.0
2026-03-24,bili,1591,22,0.013827781269641735,23,0.014456316781898177,11,7,3,0,1,6.155248271527341,1472.0
2026-03-24,zhihu,956,66,0.06903765690376569,18,0.01882845188284519,31,30,6,3,0,5.0407949790794975,797.0
2026-03-24,weibo,1,0,0.0,0,0.0,0,0,0,0,0,,1.0
2026-03-24,xhs,7,0,0.0,0,0.0,0,0,0,0,0,0.0,7.0
2026-03-25,bili,1584,20,0.012626262626262626,32,0.020202020202020204,15,1,2,0,2,15.498737373737374,1477.0
2026-03-25,zhihu,558,27,0.04838709677419355,13,0.023297491039426525,17,10,1,0,0,19.987455197132615,472.0
2026-03-25,weibo,2,0,0.0,0,0.0,0,0,0,0,0,,2.0
2026-03-26,bili,1951,17,0.008713480266529985,29,0.01486417221937468,13,1,4,0,0,9.613531522296258,1778.0
2026-03-26,zhihu,853,12,0.01406799531066823,13,0.015240328253223915,6,6,1,0,0,3.7526377491207503,724.0
2026-03-26,weibo,2,0,0.0,0,0.0,0,0,0,0,0,,2.0
2026-03-27,bili,244,4,0.01639344262295082,4,0.01639344262295082,2,1,1,0,0,0.7950819672131147,224.0
2026-03-27,zhihu,775,35,0.04516129032258064,15,0.01935483870967742,17,19,3,1,0,4.429677419354839,646.0
2026-03-27,weibo,1,0,0.0,0,0.0,0,0,0,0,0,,1.0
2026-03-28,bili,133,3,0.022556390977443608,2,0.015037593984962405,1,2,0,0,0,0.9774436090225563,124.0
2026-03-28,zhihu,566,12,0.02120141342756184,16,0.028268551236749116,7,5,2,0,0,9.287985865724382,505.0
2026-03-28,weibo,2,0,0.0,0,0.0,0,0,0,0,0,,2.0
2026-03-29,bili,155,0,0.0,2,0.012903225806451613,0,0,0,0,0,0.47096774193548385,143.0
2026-03-29,zhihu,380,6,0.015789473684210527,12,0.031578947368421054,3,0,3,0,0,1.1921052631578948,316.0
2026-03-30,bili,27,0,0.0,1,0.037037037037037035,0,0,0,0,0,0.5925925925925926,24.0
2026-03-30,zhihu,264,4,0.015151515151515152,9,0.03409090909090909,2,1,1,0,0,1.625,211.0
2026-03-30,weibo,1,0,0.0,0,0.0,0,0,0,0,0,,1.0
2026-03-31,zhihu,241,3,0.012448132780082987,5,0.02074688796680498,0,3,0,0,0,1.3360995850622406,192.0
2026-03-31,weibo,1,0,0.0,0,0.0,0,0,0,0,0,,1.0
2026-04-01,zhihu,227,4,0.01762114537444934,9,0.039647577092511016,2,2,0,0,0,4.8370044052863435,182.0
2026-04-02,zhihu,329,4,0.0121580547112462,12,0.0364741641337386,2,2,0,0,0,4.37082066869301,277.0
2026-04-03,zhihu,354,7,0.01977401129943503,12,0.03389830508474576,6,2,0,0,0,3.0762711864406778,304.0
2026-04-04,zhihu,273,4,0.014652014652014652,7,0.02564102564102564,2,2,1,0,0,7.772893772893773,220.0
2026-04-04,weibo,2,0,0.0,0,0.0,0,0,0,0,0,,2.0
2026-04-05,zhihu,416,9,0.021634615384615384,9,0.021634615384615384,2,5,1,0,1,3.9615384615384617,304.0
2026-04-06,zhihu,359,3,0.008356545961002786,7,0.019498607242339833,1,0,1,1,0,3.596100278551532,301.0
2026-04-07,zhihu,446,3,0.006726457399103139,6,0.013452914798206279,1,0,2,0,0,1.9147982062780269,357.0
2026-04-08,zhihu,684,7,0.01023391812865497,16,0.023391812865497075,2,1,3,1,0,3.706140350877193,523.0
2026-04-08,weibo,5,0,0.0,0,0.0,0,0,0,0,0,,5.0
2026-04-09,zhihu,580,28,0.04827586206896552,12,0.020689655172413793,17,6,6,1,0,1.4344827586206896,446.0
2026-04-09,weibo,5,0,0.0,0,0.0,0,0,0,0,0,,5.0
2026-04-10,zhihu,570,13,0.02280701754385965,20,0.03508771929824561,6,6,3,0,0,2.854385964912281,423.0
2026-04-10,weibo,460,2,0.004347826086956522,6,0.013043478260869565,1,1,0,0,0,,337.0
2026-04-11,zhihu,408,2,0.004901960784313725,7,0.01715686274509804,1,0,0,1,0,3.2573529411764706,334.0
2026-04-11,weibo,450,1,0.0022222222222222222,6,0.013333333333333334,1,0,0,0,0,,382.0
2026-04-12,zhihu,235,5,0.02127659574468085,3,0.01276595744680851,1,2,2,0,0,0.4127659574468085,179.0
2026-04-12,weibo,1643,6,0.0036518563603164943,32,0.019476567255021303,2,1,3,0,0,,1297.0
2026-04-13,zhihu,71,6,0.08450704225352113,8,0.11267605633802817,4,1,1,0,0,0.323943661971831,42.0
2026-04-13,weibo,1462,11,0.007523939808481532,20,0.013679890560875513,8,2,1,0,0,,1214.0
2024-10-12,all,9,0,0.0,0,0.0,0,0,0,0,0,,
2024-10-13,all,7,0,0.0,0,0.0,0,0,0,0,0,,
2024-10-14,all,2,0,0.0,0,0.0,0,0,0,0,0,,
2024-10-15,all,1,0,0.0,0,0.0,0,0,0,0,0,,
2024-10-16,all,5,0,0.0,0,0.0,0,0,0,0,0,,
2024-10-17,all,1,0,0.0,0,0.0,0,0,0,0,0,,
2024-10-18,all,1,0,0.0,0,0.0,0,0,0,0,0,,
2024-10-21,all,1,0,0.0,0,0.0,0,0,0,0,0,,
2024-10-22,all,1,0,0.0,0,0.0,0,0,0,0,0,,
2024-10-24,all,1,0,0.0,0,0.0,0,0,0,0,0,,
2024-10-25,all,8,0,0.0,0,0.0,0,0,0,0,0,,
2024-10-26,all,1,0,0.0,0,0.0,0,0,0,0,0,,
2024-10-27,all,1,0,0.0,0,0.0,0,0,0,0,0,,
2024-10-28,all,2,0,0.0,0,0.0,0,0,0,0,0,,
2024-10-30,all,1,0,0.0,0,0.0,0,0,0,0,0,,
2024-11-04,all,2,0,0.0,0,0.0,0,0,0,0,0,,
2024-11-05,all,1,0,0.0,0,0.0,0,0,0,0,0,,
2024-11-07,all,1,0,0.0,0,0.0,0,0,0,0,0,,
2024-11-14,all,1,0,0.0,0,0.0,0,0,0,0,0,,
2024-11-18,all,1,0,0.0,0,0.0,0,0,0,0,0,,
2024-11-29,all,1,0,0.0,0,0.0,0,0,0,0,0,,
2024-12-03,all,2,0,0.0,0,0.0,0,0,0,0,0,,
2024-12-11,all,1,0,0.0,0,0.0,0,0,0,0,0,,
2024-12-12,all,1,0,0.0,0,0.0,0,0,0,0,0,,
2024-12-13,all,1,0,0.0,0,0.0,0,0,0,0,0,,
2024-12-21,all,1,0,0.0,0,0.0,0,0,0,0,0,,
2024-12-30,all,1,0,0.0,0,0.0,0,0,0,0,0,,
2025-01-02,all,1,0,0.0,0,0.0,0,0,0,0,0,,
2025-01-07,all,1,0,0.0,0,0.0,0,0,0,0,0,,
2025-01-19,all,1,0,0.0,0,0.0,0,0,0,0,0,,
2025-01-27,all,24,0,0.0,0,0.0,0,0,0,0,0,,
2025-01-28,all,45,0,0.0,1,0.022222222222222223,0,0,0,0,0,,
2025-01-29,all,21,0,0.0,0,0.0,0,0,0,0,0,,
2025-01-30,all,6,0,0.0,0,0.0,0,0,0,0,0,,
2025-01-31,all,1,0,0.0,0,0.0,0,0,0,0,0,,
2025-02-01,all,1,0,0.0,0,0.0,0,0,0,0,0,,
2025-02-06,all,1,0,0.0,0,0.0,0,0,0,0,0,,
2025-02-08,all,1,0,0.0,0,0.0,0,0,0,0,0,,
2025-02-09,all,1,0,0.0,0,0.0,0,0,0,0,0,,
2025-02-11,all,1,0,0.0,0,0.0,0,0,0,0,0,,
2025-02-12,all,1,0,0.0,0,0.0,0,0,0,0,0,,
2025-02-13,all,1,0,0.0,0,0.0,0,0,0,0,0,,
2025-02-14,all,1,0,0.0,0,0.0,0,0,0,0,0,,
2025-02-15,all,1,0,0.0,0,0.0,0,0,0,0,0,,
2025-02-16,all,1,0,0.0,0,0.0,0,0,0,0,0,,
2025-02-17,all,1,0,0.0,0,0.0,0,0,0,0,0,,
2025-02-18,all,1,0,0.0,0,0.0,0,0,0,0,0,,
2025-02-27,all,2,0,0.0,0,0.0,0,0,0,0,0,,
2025-03-01,all,1,0,0.0,0,0.0,0,0,0,0,0,,
2025-03-02,all,6,0,0.0,0,0.0,0,0,0,0,0,,
2025-03-03,all,14,0,0.0,0,0.0,0,0,0,0,0,,
2025-03-04,all,6,0,0.0,0,0.0,0,0,0,0,0,,
2025-03-05,all,5,0,0.0,0,0.0,0,0,0,0,0,,
2025-03-06,all,6,0,0.0,0,0.0,0,0,0,0,0,,
2025-03-07,all,9,0,0.0,0,0.0,0,0,0,0,0,,
2025-03-09,all,3,0,0.0,0,0.0,0,0,0,0,0,,
2025-03-10,all,2,0,0.0,0,0.0,0,0,0,0,0,,
2025-03-16,all,1,0,0.0,0,0.0,0,0,0,0,0,,
2025-03-27,all,1,0,0.0,0,0.0,0,0,0,0,0,,
2025-03-28,all,1,0,0.0,0,0.0,0,0,0,0,0,,
2025-03-29,all,1,0,0.0,0,0.0,0,0,0,0,0,,
2025-03-31,all,1,0,0.0,0,0.0,0,0,0,0,0,,
2025-04-01,all,1,0,0.0,0,0.0,0,0,0,0,0,,
2025-04-17,all,3,0,0.0,0,0.0,0,0,0,0,0,,
2025-04-29,all,1,0,0.0,0,0.0,0,0,0,0,0,,
2025-05-02,all,1,0,0.0,0,0.0,0,0,0,0,0,,
2025-05-04,all,1,0,0.0,0,0.0,0,0,0,0,0,,
2025-05-25,all,1,0,0.0,0,0.0,0,0,0,0,0,,
2025-06-02,all,1,0,0.0,0,0.0,0,0,0,0,0,,
2025-06-04,all,1,0,0.0,0,0.0,0,0,0,0,0,,
2025-06-08,all,23,0,0.0,0,0.0,0,0,0,0,0,,
2025-06-09,all,46,0,0.0,0,0.0,0,0,0,0,0,,
2025-06-10,all,157,1,0.006369426751592357,0,0.0,0,0,1,0,0,,
2025-06-11,all,54,1,0.018518518518518517,0,0.0,1,0,0,0,0,,
2025-06-12,all,50,0,0.0,1,0.02,0,0,0,0,0,,
2025-06-13,all,58,0,0.0,0,0.0,0,0,0,0,0,,
2025-06-14,all,53,1,0.018867924528301886,0,0.0,0,0,1,0,0,,
2025-06-15,all,25,1,0.04,0,0.0,0,0,0,1,0,,
2025-06-16,all,38,0,0.0,0,0.0,0,0,0,0,0,,
2025-06-17,all,43,3,0.06976744186046512,1,0.023255813953488372,0,0,3,0,0,,
2025-06-18,all,25,1,0.04,0,0.0,0,0,1,0,0,,
2025-06-19,all,15,0,0.0,0,0.0,0,0,0,0,0,,
2025-06-20,all,19,0,0.0,2,0.10526315789473684,0,0,0,0,0,,
2025-06-21,all,11,0,0.0,0,0.0,0,0,0,0,0,,
2025-06-22,all,41,0,0.0,0,0.0,0,0,0,0,0,,
2025-06-23,all,37,0,0.0,0,0.0,0,0,0,0,0,,
2025-06-24,all,26,0,0.0,0,0.0,0,0,0,0,0,,
2025-06-25,all,96,0,0.0,2,0.020833333333333332,0,0,0,0,0,,
2025-06-26,all,68,0,0.0,1,0.014705882352941176,0,0,0,0,0,,
2025-06-27,all,40,0,0.0,0,0.0,0,0,0,0,0,,
2025-06-28,all,39,0,0.0,1,0.02564102564102564,0,0,0,0,0,,
2025-06-29,all,33,0,0.0,0,0.0,0,0,0,0,0,,
2025-06-30,all,34,0,0.0,1,0.029411764705882353,0,0,0,0,0,,
2025-07-01,all,23,0,0.0,0,0.0,0,0,0,0,0,,
2025-07-02,all,16,0,0.0,0,0.0,0,0,0,0,0,,
2025-07-03,all,22,0,0.0,0,0.0,0,0,0,0,0,,
2025-07-04,all,63,0,0.0,0,0.0,0,0,0,0,0,,
2025-07-05,all,80,0,0.0,1,0.0125,0,0,0,0,0,,
2025-07-06,all,105,0,0.0,0,0.0,0,0,0,0,0,,
2025-07-07,all,58,0,0.0,0,0.0,0,0,0,0,0,,
2025-07-08,all,54,0,0.0,1,0.018518518518518517,0,0,0,0,0,,
2025-07-09,all,37,0,0.0,1,0.02702702702702703,0,0,0,0,0,,
2025-07-10,all,24,0,0.0,0,0.0,0,0,0,0,0,,
2025-07-11,all,27,0,0.0,0,0.0,0,0,0,0,0,,
2025-07-12,all,67,0,0.0,4,0.05970149253731343,0,0,0,0,0,,
2025-07-13,all,73,2,0.0273972602739726,2,0.0273972602739726,0,0,1,1,0,,
2025-07-14,all,45,0,0.0,2,0.044444444444444446,0,0,0,0,0,,
2025-07-15,all,43,0,0.0,4,0.09302325581395349,0,0,0,0,0,,
2025-07-16,all,36,0,0.0,0,0.0,0,0,0,0,0,,
2025-07-17,all,52,0,0.0,0,0.0,0,0,0,0,0,,
2025-07-18,all,35,0,0.0,0,0.0,0,0,0,0,0,,
2025-07-19,all,22,0,0.0,0,0.0,0,0,0,0,0,,
2025-07-20,all,33,0,0.0,0,0.0,0,0,0,0,0,,
2025-07-21,all,23,0,0.0,0,0.0,0,0,0,0,0,,
2025-07-22,all,32,0,0.0,0,0.0,0,0,0,0,0,,
2025-07-23,all,13,0,0.0,0,0.0,0,0,0,0,0,,
2025-07-24,all,11,0,0.0,1,0.09090909090909091,0,0,0,0,0,,
2025-07-25,all,22,0,0.0,0,0.0,0,0,0,0,0,,
2025-07-26,all,5,0,0.0,0,0.0,0,0,0,0,0,,
2025-07-27,all,6,0,0.0,1,0.16666666666666666,0,0,0,0,0,,
2025-07-28,all,5,0,0.0,0,0.0,0,0,0,0,0,,
2025-07-29,all,15,0,0.0,0,0.0,0,0,0,0,0,,
2025-07-30,all,16,0,0.0,0,0.0,0,0,0,0,0,,
2025-07-31,all,10,0,0.0,0,0.0,0,0,0,0,0,,
2025-08-01,all,6,0,0.0,0,0.0,0,0,0,0,0,,
2025-08-02,all,12,0,0.0,0,0.0,0,0,0,0,0,,
2025-08-03,all,12,0,0.0,0,0.0,0,0,0,0,0,,
2025-08-04,all,11,0,0.0,0,0.0,0,0,0,0,0,,
2025-08-05,all,7,0,0.0,0,0.0,0,0,0,0,0,,
2025-08-06,all,3,0,0.0,0,0.0,0,0,0,0,0,,
2025-08-07,all,12,0,0.0,0,0.0,0,0,0,0,0,,
2025-08-08,all,10,0,0.0,0,0.0,0,0,0,0,0,,
2025-08-09,all,7,0,0.0,0,0.0,0,0,0,0,0,,
2025-08-10,all,3,0,0.0,0,0.0,0,0,0,0,0,,
2025-08-11,all,11,0,0.0,0,0.0,0,0,0,0,0,,
2025-08-12,all,4,0,0.0,0,0.0,0,0,0,0,0,,
2025-08-13,all,9,0,0.0,0,0.0,0,0,0,0,0,,
2025-08-14,all,7,0,0.0,0,0.0,0,0,0,0,0,,
2025-08-15,all,6,0,0.0,0,0.0,0,0,0,0,0,,
2025-08-16,all,3,0,0.0,0,0.0,0,0,0,0,0,,
2025-08-17,all,3,0,0.0,0,0.0,0,0,0,0,0,,
2025-08-18,all,26,0,0.0,1,0.038461538461538464,0,0,0,0,0,,
2025-08-19,all,22,1,0.045454545454545456,0,0.0,0,0,0,1,0,,
2025-08-20,all,19,0,0.0,0,0.0,0,0,0,0,0,,
2025-08-21,all,14,0,0.0,0,0.0,0,0,0,0,0,,
2025-08-22,all,12,0,0.0,1,0.08333333333333333,0,0,0,0,0,,
2025-08-23,all,8,0,0.0,0,0.0,0,0,0,0,0,,
2025-08-24,all,12,0,0.0,0,0.0,0,0,0,0,0,,
2025-08-25,all,7,0,0.0,0,0.0,0,0,0,0,0,,
2025-08-26,all,13,1,0.07692307692307693,0,0.0,0,1,0,0,0,,
2025-08-27,all,55,0,0.0,0,0.0,0,0,0,0,0,,
2025-08-28,all,114,0,0.0,3,0.02631578947368421,0,0,0,0,0,,
2025-08-29,all,20,0,0.0,0,0.0,0,0,0,0,0,,
2025-08-30,all,16,0,0.0,0,0.0,0,0,0,0,0,,
2025-08-31,all,17,0,0.0,0,0.0,0,0,0,0,0,,
2025-09-01,all,11,0,0.0,0,0.0,0,0,0,0,0,,
2025-09-02,all,13,1,0.07692307692307693,0,0.0,0,1,0,0,0,,
2025-09-03,all,138,0,0.0,3,0.021739130434782608,0,0,0,0,0,,
2025-09-04,all,54,0,0.0,1,0.018518518518518517,0,0,0,0,0,,
2025-09-05,all,45,1,0.022222222222222223,0,0.0,0,0,0,0,1,,
2025-09-06,all,28,0,0.0,0,0.0,0,0,0,0,0,,
2025-09-07,all,44,0,0.0,1,0.022727272727272728,0,0,0,0,0,,
2025-09-08,all,12,0,0.0,0,0.0,0,0,0,0,0,,
2025-09-09,all,14,1,0.07142857142857142,0,0.0,1,0,0,0,0,,
2025-09-10,all,8,0,0.0,0,0.0,0,0,0,0,0,,
2025-09-11,all,24,0,0.0,0,0.0,0,0,0,0,0,,
2025-09-12,all,8,0,0.0,0,0.0,0,0,0,0,0,,
2025-09-13,all,16,0,0.0,0,0.0,0,0,0,0,0,,
2025-09-14,all,35,0,0.0,2,0.05714285714285714,0,0,0,0,0,,
2025-09-15,all,89,1,0.011235955056179775,1,0.011235955056179775,0,1,0,0,0,,
2025-09-16,all,41,0,0.0,0,0.0,0,0,0,0,0,,
2025-09-17,all,15,0,0.0,0,0.0,0,0,0,0,0,,
2025-09-18,all,16,0,0.0,0,0.0,0,0,0,0,0,,
2025-09-19,all,41,0,0.0,1,0.024390243902439025,0,0,0,0,0,,
2025-09-20,all,145,1,0.006896551724137931,4,0.027586206896551724,0,0,1,0,0,,
2025-09-21,all,184,0,0.0,1,0.005434782608695652,0,0,0,0,0,,
2025-09-22,all,103,0,0.0,1,0.009708737864077669,0,0,0,0,0,,
2025-09-23,all,60,0,0.0,0,0.0,0,0,0,0,0,,
2025-09-24,all,120,1,0.008333333333333333,2,0.016666666666666666,0,0,0,1,0,,
2025-09-25,all,132,1,0.007575757575757576,5,0.03787878787878788,0,0,1,0,0,,
2025-09-26,all,60,2,0.03333333333333333,0,0.0,1,1,0,0,0,,
2025-09-27,all,59,0,0.0,0,0.0,0,0,0,0,0,,
2025-09-28,all,61,0,0.0,2,0.03278688524590164,0,0,0,0,0,,
2025-09-29,all,31,0,0.0,0,0.0,0,0,0,0,0,,
2025-09-30,all,42,1,0.023809523809523808,0,0.0,0,1,0,0,0,,
2025-10-01,all,19,0,0.0,0,0.0,0,0,0,0,0,,
2025-10-02,all,28,0,0.0,1,0.03571428571428571,0,0,0,0,0,,
2025-10-03,all,48,0,0.0,0,0.0,0,0,0,0,0,,
2025-10-04,all,57,1,0.017543859649122806,1,0.017543859649122806,0,1,0,0,0,,
2025-10-05,all,42,1,0.023809523809523808,0,0.0,0,0,1,0,0,,
2025-10-06,all,18,0,0.0,0,0.0,0,0,0,0,0,,
2025-10-07,all,25,0,0.0,1,0.04,0,0,0,0,0,,
2025-10-08,all,129,2,0.015503875968992248,1,0.007751937984496124,1,1,0,1,0,,
2025-10-09,all,185,2,0.010810810810810811,4,0.021621621621621623,0,2,0,0,0,,
2025-10-10,all,85,1,0.011764705882352941,4,0.047058823529411764,1,1,0,0,0,,
2025-10-11,all,41,0,0.0,3,0.07317073170731707,0,0,0,0,0,,
2025-10-12,all,27,0,0.0,2,0.07407407407407407,0,0,0,0,0,,
2025-10-13,all,29,0,0.0,0,0.0,0,0,0,0,0,,
2025-10-14,all,32,0,0.0,1,0.03125,0,0,0,0,0,,
2025-10-15,all,57,0,0.0,1,0.017543859649122806,0,0,0,0,0,,
2025-10-16,all,26,0,0.0,0,0.0,0,0,0,0,0,,
2025-10-17,all,46,0,0.0,1,0.021739130434782608,0,0,0,0,0,,
2025-10-18,all,32,0,0.0,0,0.0,0,0,0,0,0,,
2025-10-19,all,22,1,0.045454545454545456,0,0.0,0,0,1,0,0,,
2025-10-20,all,15,0,0.0,1,0.06666666666666667,0,0,0,0,0,,
2025-10-21,all,33,1,0.030303030303030304,0,0.0,0,1,0,0,0,,
2025-10-22,all,53,0,0.0,1,0.018867924528301886,0,0,0,0,0,,
2025-10-23,all,46,0,0.0,0,0.0,0,0,0,0,0,,
2025-10-24,all,83,0,0.0,2,0.024096385542168676,0,0,0,0,0,,
2025-10-25,all,57,1,0.017543859649122806,1,0.017543859649122806,1,0,0,0,0,,
2025-10-26,all,79,1,0.012658227848101266,1,0.012658227848101266,1,0,0,0,0,,
2025-10-27,all,98,1,0.01020408163265306,1,0.01020408163265306,0,1,0,0,0,,
2025-10-28,all,123,1,0.008130081300813009,4,0.032520325203252036,1,0,0,0,0,,
2025-10-29,all,51,0,0.0,0,0.0,0,0,0,0,0,,
2025-10-30,all,50,0,0.0,0,0.0,0,0,0,0,0,,
2025-10-31,all,33,0,0.0,0,0.0,0,0,0,0,0,,
2025-11-01,all,23,1,0.043478260869565216,0,0.0,0,0,1,0,0,,
2025-11-02,all,84,0,0.0,0,0.0,0,0,0,0,0,,
2025-11-03,all,22,0,0.0,0,0.0,0,0,0,0,0,,
2025-11-04,all,12,0,0.0,0,0.0,0,0,0,0,0,,
2025-11-05,all,48,1,0.020833333333333332,0,0.0,0,0,1,0,0,,
2025-11-06,all,67,1,0.014925373134328358,0,0.0,1,0,0,0,0,,
2025-11-07,all,69,1,0.014492753623188406,0,0.0,0,1,0,0,0,,
2025-11-08,all,52,0,0.0,2,0.038461538461538464,0,0,0,0,0,,
2025-11-09,all,69,5,0.07246376811594203,0,0.0,3,1,0,0,1,,
2025-11-10,all,78,1,0.01282051282051282,3,0.038461538461538464,0,1,0,0,0,,
2025-11-11,all,155,0,0.0,1,0.0064516129032258064,0,0,0,0,0,,
2025-11-12,all,74,1,0.013513513513513514,0,0.0,1,0,0,0,0,,
2025-11-13,all,34,0,0.0,0,0.0,0,0,0,0,0,,
2025-11-14,all,34,0,0.0,0,0.0,0,0,0,0,0,,
2025-11-15,all,31,0,0.0,0,0.0,0,0,0,0,0,,
2025-11-16,all,143,0,0.0,4,0.027972027972027972,0,0,0,0,0,,
2025-11-17,all,67,0,0.0,1,0.014925373134328358,0,0,0,0,0,,
2025-11-18,all,37,1,0.02702702702702703,0,0.0,1,0,0,0,0,,
2025-11-19,all,44,0,0.0,0,0.0,0,0,0,0,0,,
2025-11-20,all,52,0,0.0,1,0.019230769230769232,0,0,0,0,0,,
2025-11-21,all,56,0,0.0,1,0.017857142857142856,0,0,0,0,0,,
2025-11-22,all,52,0,0.0,1,0.019230769230769232,0,0,0,0,0,,
2025-11-23,all,31,0,0.0,0,0.0,0,0,0,0,0,,
2025-11-24,all,42,1,0.023809523809523808,0,0.0,0,1,0,0,0,,
2025-11-25,all,70,0,0.0,0,0.0,0,0,0,0,0,,
2025-11-26,all,75,1,0.013333333333333334,2,0.02666666666666667,1,0,0,0,0,,
2025-11-27,all,99,1,0.010101010101010102,3,0.030303030303030304,0,1,0,0,0,,
2025-11-28,all,78,0,0.0,3,0.038461538461538464,0,0,0,0,0,,
2025-11-29,all,118,0,0.0,1,0.00847457627118644,0,0,0,0,0,,
2025-11-30,all,106,1,0.009433962264150943,4,0.03773584905660377,1,0,0,0,0,,
2025-12-01,all,170,2,0.011764705882352941,5,0.029411764705882353,1,1,0,0,0,,
2025-12-02,all,97,2,0.020618556701030927,1,0.010309278350515464,1,1,0,0,0,,
2025-12-03,all,74,0,0.0,2,0.02702702702702703,0,0,0,0,0,,
2025-12-04,all,35,3,0.08571428571428572,0,0.0,1,2,0,0,0,,
2025-12-05,all,39,1,0.02564102564102564,0,0.0,1,1,0,0,0,,
2025-12-06,all,46,0,0.0,1,0.021739130434782608,0,0,0,0,0,,
2025-12-07,all,46,0,0.0,2,0.043478260869565216,0,0,0,0,0,,
2025-12-08,all,93,0,0.0,1,0.010752688172043012,0,0,0,0,0,,
2025-12-09,all,161,2,0.012422360248447204,5,0.031055900621118012,0,1,1,0,0,,
2025-12-10,all,48,0,0.0,1,0.020833333333333332,0,0,0,0,0,,
2025-12-11,all,230,2,0.008695652173913044,1,0.004347826086956522,1,0,1,0,0,,
2025-12-12,all,110,0,0.0,2,0.01818181818181818,0,0,0,0,0,,
2025-12-13,all,112,1,0.008928571428571428,2,0.017857142857142856,1,0,0,0,0,,
2025-12-14,all,258,0,0.0,2,0.007751937984496124,0,0,0,0,0,,
2025-12-15,all,179,0,0.0,6,0.0335195530726257,0,0,0,0,0,,
2025-12-16,all,252,1,0.003968253968253968,5,0.01984126984126984,0,0,1,0,0,,
2025-12-17,all,230,2,0.008695652173913044,2,0.008695652173913044,2,0,0,0,0,,
2025-12-18,all,161,0,0.0,2,0.012422360248447204,0,0,0,0,0,,
2025-12-19,all,283,0,0.0,2,0.007067137809187279,0,0,0,0,0,,
2025-12-20,all,311,1,0.003215434083601286,2,0.006430868167202572,0,1,0,0,0,,
2025-12-21,all,466,3,0.006437768240343348,5,0.01072961373390558,0,0,2,0,1,,
2025-12-22,all,930,7,0.007526881720430108,14,0.015053763440860216,3,4,1,0,0,,
2025-12-23,all,782,0,0.0,7,0.008951406649616368,0,0,0,0,0,,
2025-12-24,all,694,8,0.011527377521613832,11,0.01585014409221902,5,1,1,0,1,,
2025-12-25,all,714,3,0.004201680672268907,4,0.0056022408963585435,1,2,0,0,0,,
2025-12-26,all,518,5,0.009652509652509652,4,0.007722007722007722,1,3,1,0,0,,
2025-12-27,all,597,4,0.006700167504187605,7,0.011725293132328308,0,2,2,0,0,,
2025-12-28,all,617,1,0.0016207455429497568,10,0.01620745542949757,0,0,1,0,0,,
2025-12-29,all,491,2,0.004073319755600814,9,0.018329938900203666,0,1,1,0,0,,
2025-12-30,all,667,10,0.014992503748125937,13,0.019490254872563718,6,5,0,0,0,,
2025-12-31,all,545,6,0.011009174311926606,13,0.023853211009174313,2,2,2,0,0,,
2026-01-01,all,471,2,0.004246284501061571,6,0.012738853503184714,2,0,0,0,0,,
2026-01-02,all,507,3,0.005917159763313609,5,0.009861932938856016,1,1,1,0,0,,
2026-01-03,all,483,2,0.004140786749482402,7,0.014492753623188406,1,0,1,0,0,,
2026-01-04,all,611,0,0.0,5,0.008183306055646482,0,0,0,0,0,,
2026-01-05,all,563,4,0.007104795737122558,4,0.007104795737122558,0,1,1,1,1,,
2026-01-06,all,880,3,0.003409090909090909,11,0.0125,2,0,0,1,0,,
2026-01-07,all,633,5,0.007898894154818325,5,0.007898894154818325,3,2,0,0,0,,
2026-01-08,all,613,5,0.008156606851549755,8,0.013050570962479609,3,1,1,0,0,,
2026-01-09,all,620,1,0.0016129032258064516,8,0.012903225806451613,0,0,1,0,0,,
2026-01-10,all,1000,4,0.004,9,0.009,3,2,1,0,0,,
2026-01-11,all,966,3,0.003105590062111801,12,0.012422360248447204,1,1,0,0,1,,
2026-01-12,all,1657,12,0.00724200362100181,33,0.019915509957754977,3,6,3,0,0,,
2026-01-13,all,1200,8,0.006666666666666667,17,0.014166666666666666,3,4,1,0,0,,
2026-01-14,all,837,7,0.008363201911589008,12,0.014336917562724014,1,4,1,0,1,,
2026-01-15,all,704,3,0.004261363636363636,7,0.009943181818181818,0,2,1,0,0,,
2026-01-16,all,638,5,0.007836990595611285,8,0.012539184952978056,1,3,1,0,0,,
2026-01-17,all,1009,4,0.003964321110009911,9,0.008919722497522299,0,2,2,0,0,,
2026-01-18,all,1134,11,0.009700176366843033,10,0.008818342151675485,5,3,2,1,0,,
2026-01-19,all,804,4,0.004975124378109453,16,0.01990049751243781,2,1,0,1,0,,
2026-01-20,all,880,6,0.006818181818181818,9,0.010227272727272727,4,2,0,0,0,,
2026-01-21,all,981,9,0.009174311926605505,8,0.00815494393476045,5,3,0,1,0,,
2026-01-22,all,1086,4,0.003683241252302026,13,0.011970534069981584,4,0,0,0,0,,
2026-01-23,all,939,21,0.022364217252396165,19,0.02023429179978701,14,7,2,0,0,,
2026-01-24,all,1011,11,0.010880316518298714,18,0.017804154302670624,6,1,5,0,0,,
2026-01-25,all,990,6,0.006060606060606061,23,0.023232323232323233,3,2,1,0,0,,
2026-01-26,all,1366,6,0.004392386530014641,25,0.018301610541727673,1,3,1,1,0,,
2026-01-27,all,836,5,0.005980861244019139,15,0.017942583732057416,2,0,1,2,0,,
2026-01-28,all,883,3,0.0033975084937712344,13,0.014722536806342015,1,1,0,1,1,,
2026-01-29,all,1172,7,0.005972696245733789,15,0.012798634812286689,1,3,2,1,0,,
2026-01-30,all,1081,5,0.004625346901017576,14,0.012950971322849213,2,1,1,1,0,,
2026-01-31,all,851,5,0.005875440658049354,8,0.009400705052878966,2,2,2,0,0,,
2026-02-01,all,1040,4,0.0038461538461538464,17,0.016346153846153847,1,2,1,0,0,,
2026-02-02,all,808,5,0.006188118811881188,12,0.01485148514851485,3,1,2,0,0,,
2026-02-03,all,943,15,0.015906680805938492,16,0.016967126193001062,5,6,2,2,0,,
2026-02-04,all,812,2,0.0024630541871921183,8,0.009852216748768473,1,0,1,0,0,,
2026-02-05,all,632,6,0.00949367088607595,10,0.015822784810126583,0,3,3,0,0,,
2026-02-06,all,786,3,0.003816793893129771,13,0.01653944020356234,0,2,1,0,0,,
2026-02-07,all,1055,3,0.002843601895734597,14,0.013270142180094787,0,3,0,0,0,,
2026-02-08,all,854,11,0.01288056206088993,17,0.01990632318501171,5,2,3,1,0,,
2026-02-09,all,1082,41,0.03789279112754159,41,0.03789279112754159,20,14,6,2,1,,
2026-02-10,all,940,16,0.01702127659574468,14,0.014893617021276596,6,7,3,1,1,,
2026-02-11,all,946,24,0.02536997885835095,32,0.03382663847780127,8,13,3,0,0,,
2026-02-12,all,930,14,0.015053763440860216,14,0.015053763440860216,5,9,1,0,0,,
2026-02-13,all,938,11,0.011727078891257996,21,0.022388059701492536,2,8,2,0,0,,
2026-02-14,all,1176,8,0.006802721088435374,19,0.016156462585034014,1,5,1,1,0,,
2026-02-15,all,1531,23,0.015022860875244938,38,0.024820378837361202,6,16,2,0,0,,
2026-02-16,all,1332,5,0.0037537537537537537,19,0.014264264264264264,2,2,1,0,0,,
2026-02-17,all,1271,10,0.007867820613690008,19,0.014948859166011016,5,3,1,1,0,,
2026-02-18,all,2507,12,0.004786597526924611,39,0.015556441962504986,4,7,0,0,1,,
2026-02-19,all,1598,10,0.006257822277847309,23,0.014392991239048811,3,5,1,1,0,,
2026-02-20,all,1755,13,0.007407407407407408,28,0.015954415954415956,6,5,2,0,0,,
2026-02-21,all,2024,14,0.00691699604743083,25,0.012351778656126482,7,6,2,0,0,,
2026-02-22,all,1970,11,0.005583756345177665,31,0.015736040609137057,4,4,3,0,0,,
2026-02-23,all,2195,21,0.009567198177676537,33,0.015034168564920273,14,4,1,1,1,,
2026-02-24,all,1705,9,0.005278592375366569,21,0.012316715542521995,3,1,4,0,1,,
2026-02-25,all,1757,17,0.009675583380762664,25,0.014228799089356859,11,2,1,2,1,,
2026-02-26,all,1839,30,0.01631321370309951,22,0.011963023382272975,22,4,4,0,1,,
2026-02-27,all,1778,40,0.02249718785151856,29,0.016310461192350956,24,12,5,0,0,,
2026-02-28,all,1504,24,0.015957446808510637,21,0.013962765957446808,17,7,3,0,0,,
2026-03-01,all,1274,24,0.018838304552590265,12,0.009419152276295133,12,9,3,0,1,,
2026-03-02,all,1688,24,0.014218009478672985,23,0.013625592417061612,11,6,6,1,1,,
2026-03-03,all,1517,20,0.013183915622940013,24,0.015820698747528016,9,7,5,0,0,,
2026-03-04,all,1362,14,0.010279001468428781,15,0.011013215859030838,6,2,4,2,0,,
2026-03-05,all,1244,7,0.005627009646302251,10,0.008038585209003215,3,3,1,0,0,,
2026-03-06,all,1398,25,0.0178826895565093,20,0.01430615164520744,12,14,1,1,1,,
2026-03-07,all,1617,22,0.013605442176870748,23,0.01422387136672851,11,9,3,0,0,,
2026-03-08,all,1541,21,0.0136275146009085,16,0.010382868267358857,7,15,0,0,0,,
2026-03-09,all,1300,13,0.01,16,0.012307692307692308,5,6,1,1,0,,
2026-03-10,all,1652,23,0.013922518159806295,28,0.01694915254237288,7,11,5,3,0,,
2026-03-11,all,1678,30,0.017878426698450536,29,0.01728247914183552,22,6,4,0,0,,
2026-03-12,all,1622,30,0.018495684340320593,37,0.02281134401972873,17,7,8,1,0,,
2026-03-13,all,1729,27,0.015615962984384037,20,0.01156737998843262,21,7,2,0,0,,
2026-03-14,all,1583,23,0.014529374605180037,13,0.0082122552116235,13,8,3,0,0,,
2026-03-15,all,2248,22,0.009786476868327402,25,0.01112099644128114,8,9,5,0,0,,
2026-03-16,all,1755,15,0.008547008547008548,15,0.008547008547008548,8,6,3,0,0,,
2026-03-17,all,1579,24,0.015199493350221659,29,0.01836605446485117,11,7,2,5,1,,
2026-03-18,all,1830,31,0.016939890710382512,31,0.016939890710382512,18,9,1,2,1,,
2026-03-19,all,2343,41,0.017498932991890738,38,0.01621852326077678,19,19,4,1,1,,
2026-03-20,all,2505,44,0.017564870259481037,46,0.018363273453093812,21,17,5,1,2,,
2026-03-21,all,1990,55,0.02763819095477387,29,0.01457286432160804,41,11,3,0,2,,
2026-03-22,all,2128,47,0.022086466165413533,54,0.02537593984962406,32,12,2,1,1,,
2026-03-23,all,2437,58,0.02379975379565039,47,0.01928600738613049,36,22,2,1,0,,
2026-03-24,all,2555,88,0.03444227005870842,41,0.01604696673189824,42,37,9,3,1,,
2026-03-25,all,2144,47,0.021921641791044777,45,0.020988805970149255,32,11,3,0,2,,
2026-03-26,all,2806,29,0.010334996436208126,42,0.01496792587312901,19,7,5,0,0,,
2026-03-27,all,1020,39,0.03823529411764706,19,0.018627450980392157,19,20,4,1,0,,
2026-03-28,all,701,15,0.021398002853067047,18,0.025677603423680456,8,7,2,0,0,,
2026-03-29,all,535,6,0.011214953271028037,14,0.026168224299065422,3,0,3,0,0,,
2026-03-30,all,292,4,0.0136986301369863,10,0.03424657534246575,2,1,1,0,0,,
2026-03-31,all,242,3,0.012396694214876033,5,0.02066115702479339,0,3,0,0,0,,
2026-04-01,all,227,4,0.01762114537444934,9,0.039647577092511016,2,2,0,0,0,,
2026-04-02,all,329,4,0.0121580547112462,12,0.0364741641337386,2,2,0,0,0,,
2026-04-03,all,354,7,0.01977401129943503,12,0.03389830508474576,6,2,0,0,0,,
2026-04-04,all,275,4,0.014545454545454545,7,0.025454545454545455,2,2,1,0,0,,
2026-04-05,all,416,9,0.021634615384615384,9,0.021634615384615384,2,5,1,0,1,,
2026-04-06,all,359,3,0.008356545961002786,7,0.019498607242339833,1,0,1,1,0,,
2026-04-07,all,446,3,0.006726457399103139,6,0.013452914798206279,1,0,2,0,0,,
2026-04-08,all,689,7,0.010159651669085631,16,0.023222060957910014,2,1,3,1,0,,
2026-04-09,all,585,28,0.04786324786324787,12,0.020512820512820513,17,6,6,1,0,,
2026-04-10,all,1030,15,0.014563106796116505,26,0.02524271844660194,7,7,3,0,0,,
2026-04-11,all,858,3,0.0034965034965034965,13,0.015151515151515152,2,0,0,1,0,,
2026-04-12,all,1878,11,0.005857294994675187,35,0.01863684771033014,3,3,5,0,0,,
2026-04-13,all,1533,17,0.011089367253750815,28,0.0182648401826484,12,3,2,0,0,,
