date,insecurity_ratio,loess,trend
2024-10-12,0.0,0.0,0.0055706407135797786
2024-10-13,0.0,0.0,0.005575440132522601
2024-10-14,0.0,0.0,0.0055802395514654235
2024-10-15,0.0,0.0,0.005585038970408246
2024-10-16,0.0,0.0,0.005589838389351068
2024-10-17,0.0,0.0,0.00559463780829389
2024-10-18,0.0,0.0,0.005599437227236713
2024-10-21,0.0,0.0,0.005604236646179535
2024-10-24,0.0,0.0,0.005609036065122357
2024-10-25,0.0,0.0,0.00561383548406518
2024-10-27,0.0,0.0,0.005618634903008002
2024-10-28,0.0,0.0,0.005623434321950824
2024-10-30,0.0,0.0,0.005628233740893647
2024-11-04,0.0,0.0,0.005633033159836469
2024-11-05,0.0,0.0,0.005637832578779291
2024-11-06,0.0,0.0,0.005642631997722113
2024-11-14,0.0,0.0,0.005647431416664936
2024-11-18,0.0,0.0,0.005652230835607758
2024-11-29,0.0,0.0,0.00565703025455058
2024-12-03,0.0,0.0,0.005661829673493403
2024-12-11,0.0,0.0,0.005666629092436225
2024-12-12,0.0,0.0,0.005671428511379047
2024-12-13,0.0,0.0,0.00567622793032187
2024-12-21,0.0,0.0,0.005681027349264692
2024-12-30,0.0,0.0,0.005685826768207514
2025-01-02,0.0,0.0,0.005690626187150336
2025-01-07,0.0,0.0,0.005695425606093159
2025-01-19,0.0,0.0,0.005700225025035981
2025-01-27,0.0,0.0,0.005705024443978803
2025-01-28,0.0,0.0,0.005709823862921626
2025-01-29,0.0,0.0,0.005714623281864448
2025-01-30,0.0,0.0,0.00571942270080727
2025-02-01,0.0,0.0,0.005724222119750092
2025-02-06,0.0,0.0,0.005729021538692915
2025-02-08,0.0,0.0,0.005733820957635737
2025-02-11,0.0,0.0,0.005738620376578559
2025-02-12,0.0,0.0,0.005743419795521382
2025-02-13,0.0,0.0,0.005748219214464204
2025-02-14,0.0,0.0,0.005753018633407026
2025-02-15,0.0,0.0,0.005757818052349849
2025-02-17,0.0,0.0,0.005762617471292671
2025-02-18,0.0,0.0,0.005767416890235493
2025-02-27,0.0,0.0,0.005772216309178315
2025-03-01,0.0,0.0,0.005777015728121138
2025-03-02,0.0,0.0,0.00578181514706396
2025-03-03,0.0,0.0,0.005786614566006782
2025-03-04,0.0,0.0,0.005791413984949605
2025-03-05,0.0,0.0,0.005796213403892427
2025-03-06,0.0,0.0,0.005801012822835249
2025-03-07,0.0,0.0,0.005805812241778072
2025-03-09,0.0,0.0,0.005810611660720894
2025-03-10,0.0,0.0,0.005815411079663716
2025-03-15,0.0,0.0007575757575757576,0.005820210498606538
2025-03-26,0.0,0.0007575757575757576,0.005825009917549361
2025-03-28,0.0,0.001452020202020202,0.005829809336492183
2025-03-29,0.0,0.001452020202020202,0.005834608755435005
2025-03-31,0.0,0.001452020202020202,0.005839408174377828
2025-04-01,0.0,0.0021766578831796226,0.00584420759332065
2025-04-17,0.0,0.0034587091652309044,0.005849007012263472
2025-04-29,0.0,0.004335902147687045,0.005853806431206294
2025-05-01,0.0,0.00585105366283856,0.005858605850149117
2025-05-04,0.0,0.0073003290251574,0.005863405269091939
2025-05-25,0.0,0.0073003290251574,0.005868204688034761
2025-06-02,0.0,0.0073003290251574,0.005873004106977584
2025-06-04,0.0,0.0073003290251574,0.005877803525920406
2025-06-08,0.0,0.0073003290251574,0.005882602944863228
2025-06-09,0.022727272727272728,0.0073003290251574,0.005887402363806051
2025-06-10,0.0,0.0073003290251574,0.005892201782748873
2025-06-11,0.020833333333333332,0.0073003290251574,0.005897001201691695
2025-06-12,0.0,0.0073003290251574,0.005901800620634517
2025-06-13,0.0,0.0073003290251574,0.00590660003957734
2025-06-14,0.021739130434782608,0.0073003290251574,0.005911399458520162
2025-06-15,0.038461538461538464,0.0073003290251574,0.005916198877462984
2025-06-16,0.02631578947368421,0.0073003290251574,0.005920998296405807
2025-06-17,0.045454545454545456,0.0073003290251574,0.005925797715348629
2025-06-18,0.043478260869565216,0.0073003290251574,0.005930597134291451
2025-06-19,0.0,0.0073003290251574,0.005935396553234273
2025-06-20,0.0,0.0073003290251574,0.005940195972177096
2025-06-21,0.0,0.0073003290251574,0.005944995391119918
2025-06-22,0.0,0.0073003290251574,0.00594979481006274
2025-06-23,0.0,0.0073003290251574,0.005954594229005563
2025-06-24,0.0,0.0073003290251574,0.005959393647948385
2025-06-25,0.0,0.006542753267581644,0.005964193066891207
2025-06-26,0.0,0.006542753267581644,0.00596899248583403
2025-06-27,0.0,0.005848308823137199,0.005973791904776852
2025-06-28,0.0,0.006377409352237728,0.0059785913237196744
2025-06-29,0.0,0.0068340303568039384,0.0059833907426624965
2025-06-30,0.0,0.006109392675644517,0.005988190161605319
2025-07-01,0.0,0.004827341393593236,0.0059929895805481415
2025-07-02,0.0,0.0039501484111370945,0.0059977889994909635
2025-07-03,0.0,0.0024349968959855796,0.006002588418433786
2025-07-04,0.0,0.000985721533666739,0.0060073878373766085
2025-07-05,0.0,0.000985721533666739,0.0060121872563194305
2025-07-06,0.0,0.000985721533666739,0.006016986675262253
2025-07-07,0.0,0.000985721533666739,0.0060217860942050755
2025-07-08,0.0,0.000985721533666739,0.0060265855131478975
2025-07-09,0.0,0.000985721533666739,0.00603138493209072
2025-07-10,0.0,0.000985721533666739,0.0060361843510335425
2025-07-11,0.0,0.000985721533666739,0.0060409837699763646
2025-07-12,0.015873015873015872,0.000985721533666739,0.006045783188919187
2025-07-13,0.0136986301369863,0.000985721533666739,0.0060505826078620095
2025-07-14,0.0,0.000985721533666739,0.006055382026804832
2025-07-15,0.0,0.000985721533666739,0.006060181445747654
2025-07-16,0.0,0.000985721533666739,0.0060649808646904765
2025-07-17,0.0,0.000985721533666739,0.006069780283633299
2025-07-18,0.0,0.000985721533666739,0.006074579702576121
2025-07-19,0.0,0.000985721533666739,0.006079379121518943
2025-07-20,0.0,0.000985721533666739,0.006084178540461766
2025-07-21,0.0,0.000985721533666739,0.006088977959404588
2025-07-22,0.0,0.000985721533666739,0.00609377737834741
2025-07-23,0.0,0.000985721533666739,0.006098576797290232
2025-07-24,0.0,0.000985721533666739,0.006103376216233055
2025-07-25,0.0,0.000985721533666739,0.006108175635175877
2025-07-26,0.0,0.000985721533666739,0.006112975054118699
2025-07-27,0.0,0.000985721533666739,0.006117774473061522
2025-07-28,0.0,0.00045662100456621003,0.006122573892004344
2025-07-29,0.0,0.0,0.006127373310947166
2025-07-30,0.0,0.0,0.006132172729889989
2025-07-31,0.0,0.0,0.006136972148832811
2025-08-01,0.0,0.0,0.006141771567775633
2025-08-02,0.0,0.0,0.006146570986718456
2025-08-03,0.0,0.0,0.006151370405661278
2025-08-04,0.0,0.0,0.0061561698246041
2025-08-05,0.0,0.0020833333333333333,0.006160969243546922
2025-08-06,0.0,0.0020833333333333333,0.006165768662489745
2025-08-07,0.0,0.0020833333333333333,0.006170568081432567
2025-08-08,0.0,0.0020833333333333333,0.006175367500375389
2025-08-09,0.0,0.0020833333333333333,0.006180166919318212
2025-08-10,0.0,0.0020833333333333333,0.006184966338261034
2025-08-11,0.0,0.0020833333333333333,0.006189765757203856
2025-08-12,0.0,0.004464285714285714,0.006194565176146678
2025-08-13,0.0,0.004464285714285714,0.006199364595089501
2025-08-14,0.0,0.004464285714285714,0.006204164014032323
2025-08-15,0.0,0.004464285714285714,0.006208963432975145
2025-08-16,0.0,0.004464285714285714,0.006213762851917968
2025-08-17,0.0,0.004464285714285714,0.00621856227086079
2025-08-18,0.0,0.004464285714285714,0.006223361689803612
2025-08-19,0.0625,0.004464285714285714,0.006228161108746435
2025-08-20,0.0,0.004464285714285714,0.006232960527689257
2025-08-21,0.0,0.004464285714285714,0.006237759946632079
2025-08-22,0.0,0.004464285714285714,0.006242559365574901
2025-08-23,0.0,0.004464285714285714,0.006247358784517724
2025-08-24,0.0,0.004464285714285714,0.006252158203460546
2025-08-25,0.0,0.004464285714285714,0.006256957622403368
2025-08-26,0.07142857142857142,0.004464285714285714,0.006261757041346191
2025-08-27,0.0,0.004464285714285714,0.006266556460289013
2025-08-28,0.0,0.004464285714285714,0.006271355879231835
2025-08-29,0.0,0.004464285714285714,0.006276155298174657
2025-08-30,0.0,0.004464285714285714,0.00628095471711748
2025-08-31,0.0,0.004464285714285714,0.006285754136060302
2025-09-01,0.0,0.004464285714285714,0.006290553555003124
2025-09-02,0.0,0.004464285714285714,0.006295352973945947
2025-09-03,0.0,0.004464285714285714,0.006300152392888769
2025-09-04,0.0,0.0023809523809523807,0.006304951811831591
2025-09-05,0.0,0.0023809523809523807,0.006309751230774414
2025-09-06,0.0,0.0025631017434296125,0.006314550649717236
2025-09-07,0.0,0.0025631017434296125,0.006319350068660058
2025-09-08,0.0,0.0025631017434296125,0.006324149487602881
2025-09-09,0.0,0.0025631017434296125,0.006328948906545703
2025-09-10,0.0,0.0025631017434296125,0.006333748325488525
2025-09-11,0.0,0.00018214936247723133,0.006338547744431347
2025-09-12,0.0,0.00018214936247723133,0.00634334716337417
2025-09-13,0.0,0.00018214936247723133,0.006348146582316992
2025-09-14,0.0,0.00018214936247723133,0.006352946001259814
2025-09-15,0.0,0.00018214936247723133,0.006357745420202636
2025-09-16,0.0,0.00018214936247723133,0.006362544839145459
2025-09-17,0.0,0.00018214936247723133,0.006367344258088281
2025-09-18,0.0,0.00018214936247723133,0.006372143677031103
2025-09-19,0.0,0.00018214936247723133,0.006376943095973926
2025-09-20,0.00546448087431694,0.00018214936247723133,0.006381742514916748
2025-09-21,0.0,0.00018214936247723133,0.00638654193385957
2025-09-22,0.0,0.00018214936247723133,0.006391341352802393
2025-09-23,0.0,0.00018214936247723133,0.006396140771745215
2025-09-24,0.0,0.0004797684100962789,0.006400940190688037
2025-09-25,0.0,0.0004797684100962789,0.00640573960963086
2025-09-26,0.0,0.0004797684100962789,0.006410539028573682
2025-09-27,0.0,0.0004797684100962789,0.006415338447516504
2025-09-28,0.0,0.0004797684100962789,0.006420137866459326
2025-09-29,0.0,0.0004797684100962789,0.006424937285402149
2025-09-30,0.0,0.0004797684100962789,0.006429736704344971
2025-10-01,0.0,0.0004797684100962789,0.006434536123287793
2025-10-02,0.0,0.0004797684100962789,0.0064393355422306155
2025-10-03,0.0,0.0004797684100962789,0.006444134961173438
2025-10-04,0.0,0.0004797684100962789,0.00644893438011626
2025-10-05,0.0,0.0004797684100962789,0.0064537337990590825
2025-10-06,0.0,0.0002976190476190476,0.006458533218001905
2025-10-07,0.0,0.0002976190476190476,0.0064633326369447274
2025-10-08,0.008928571428571428,0.0002976190476190476,0.0064681320558875495
2025-10-09,0.0,0.0002976190476190476,0.006472931474830372
2025-10-10,0.0,0.0002976190476190476,0.0064777308937731945
2025-10-11,0.0,0.0002976190476190476,0.0064825303127160165
2025-10-12,0.0,0.0002976190476190476,0.006487329731658839
2025-10-13,0.0,0.0002976190476190476,0.0064921291506016615
2025-10-14,0.0,0.0002976190476190476,0.0064969285695444835
2025-10-15,0.0,0.0002976190476190476,0.006501727988487306
2025-10-16,0.0,0.0002976190476190476,0.0065065274074301285
2025-10-17,0.0,0.0002976190476190476,0.0065113268263729505
2025-10-18,0.0,0.0002976190476190476,0.006516126245315773
2025-10-19,0.0,0.0002976190476190476,0.0065209256642585955
2025-10-20,0.0,0.0002976190476190476,0.0065257250832014176
2025-10-21,0.0,0.0002976190476190476,0.00653052450214424
2025-10-22,0.0,0.0002976190476190476,0.006535323921087062
2025-10-23,0.0,0.0002976190476190476,0.006540123340029885
2025-10-24,0.0,0.0,0.006544922758972707
2025-10-25,0.0,0.0,0.006549722177915529
2025-10-26,0.0,0.0,0.006554521596858352
2025-10-27,0.0,0.0,0.006559321015801174
2025-10-28,0.0,0.0,0.006564120434743996
2025-10-29,0.0,0.0,0.006568919853686819
2025-10-30,0.0,0.0,0.006573719272629641
2025-10-31,0.0,0.0,0.006578518691572463
2025-11-01,0.0,0.0,0.006583318110515286
2025-11-02,0.0,0.0,0.006588117529458108
2025-11-03,0.0,0.0,0.00659291694840093
2025-11-04,0.0,0.0,0.006597716367343752
2025-11-05,0.0,0.0,0.006602515786286574
2025-11-06,0.0,0.0,0.006607315205229397
2025-11-07,0.0,0.0,0.006612114624172219
2025-11-08,0.0,0.0,0.006616914043115041
2025-11-09,0.0,0.0,0.006621713462057864
2025-11-10,0.0,0.0,0.006626512881000686
2025-11-11,0.0,0.0,0.006631312299943508
2025-11-12,0.0,0.0,0.006636111718886331
2025-11-13,0.0,0.0,0.006640911137829153
2025-11-14,0.0,0.0,0.006645710556771975
2025-11-15,0.0,0.0,0.006650509975714798
2025-11-16,0.0,0.0,0.00665530939465762
2025-11-17,0.0,0.0,0.006660108813600442
2025-11-18,0.0,0.0,0.006664908232543265
2025-11-19,0.0,0.0,0.006669707651486087
2025-11-20,0.0,0.0,0.006674507070428909
2025-11-21,0.0,0.0,0.006679306489371731
2025-11-22,0.0,0.0,0.006684105908314554
2025-11-23,0.0,0.0,0.006688905327257376
2025-11-24,0.0,0.0,0.006693704746200198
2025-11-25,0.0,0.0,0.00669850416514302
2025-11-26,0.0,0.0,0.006703303584085843
2025-11-27,0.0,0.0,0.006708103003028665
2025-11-28,0.0,0.0,0.006712902421971487
2025-11-29,0.0,0.0,0.00671770184091431
2025-11-30,0.0,0.0,0.006722501259857132
2025-12-01,0.0,0.0,0.006727300678799954
2025-12-02,0.0,0.0,0.006732100097742777
2025-12-03,0.0,0.0,0.006736899516685599
2025-12-04,0.0,0.0,0.006741698935628421
2025-12-05,0.0,0.0,0.006746498354571244
2025-12-06,0.0,0.0001366120218579235,0.006751297773514066
2025-12-07,0.0,0.0004179059740379516,0.006756097192456888
2025-12-08,0.0,0.0005704612753346717,0.006760896611399711
2025-12-09,0.0,0.0005704612753346717,0.006765696030342533
2025-12-10,0.0,0.0009603248230929563,0.006770495449285355
2025-12-11,0.0,0.001150438891534021,0.006775294868228177
2025-12-12,0.0,0.0014313377679385153,0.006780094287170999
2025-12-13,0.0,0.00165430320829526,0.006784893706113822
2025-12-14,0.0,0.0017773044383075601,0.006789693125056644
2025-12-15,0.0,0.0018572404894666328,0.006794492543999466
2025-12-16,0.0,0.0022839071561333,0.006799291962942289
2025-12-17,0.0,0.0024415115690568615,0.006804091381885111
2025-12-18,0.0,0.002608178235723528,0.006808890800827933
2025-12-19,0.0,0.002747357080539116,0.006813690219770756
2025-12-20,0.004098360655737705,0.002893877227059263,0.006818489638713578
2025-12-21,0.008438818565400843,0.002893877227059263,0.0068232890576564
2025-12-22,0.004576659038901602,0.002955950473490051,0.006828088476599223
2025-12-23,0.0,0.0031894589381718957,0.006832887895542045
2025-12-24,0.011695906432748537,0.003563990773377888,0.006837687314484867
2025-12-25,0.005703422053231939,0.0036926909020780167,0.00684248673342769
2025-12-26,0.008426966292134831,0.0038639237787903456,0.006847286152370512
2025-12-27,0.006688963210702341,0.004186921194811017,0.006852085571313334
2025-12-28,0.0036900369003690036,0.004226937201213578,0.006856884990256156
2025-12-29,0.002398081534772182,0.00599998684660365,0.006861684409198978
2025-12-30,0.0128,0.006172252135148008,0.006866483828141801
2025-12-31,0.004728132387706856,0.006388001865460845,0.006871283247084623
2026-01-01,0.005,0.006514824947261732,0.006876082666027445
2026-01-02,0.0041753653444676405,0.006514824947261732,0.006880882084970268
2026-01-03,0.004395604395604396,0.0066326105774148535,0.00688568150391309
2026-01-03,0.0,0.0066326105774148535,0.006890480922855912
2026-01-04,0.00186219739292365,0.006810463964361962,0.006895280341798735
2026-01-05,0.0070052539404553416,0.006659378345515267,0.006900079760741557
2026-01-05,0.011235955056179775,0.0067917233291188315,0.006904879179684379
2026-01-06,0.003861003861003861,0.0069855217787312355,0.006909678598627202
2026-01-07,0.005136986301369863,0.008182959818274538,0.006914478017570024
2026-01-08,0.009689922480620155,0.008063021188429964,0.006919277436512846
2026-01-09,0.0012004801920768306,0.010163074692977852,0.006924076855455669
2026-01-09,0.05319148936170213,0.010266586562448074,0.006928876274398491
2026-01-10,0.00516795865633075,0.01024583482118833,0.0069336756933413134
2026-01-11,0.006472491909385114,0.010165898770029259,0.0069384751122841355
2026-01-12,0.003804692454026633,0.009955401580232455,0.006943274531226958
2026-01-12,0.0,0.009797797167308893,0.0069480739501697805
2026-01-13,0.0035335689045936395,0.009844123045903144,0.0069528733691126025
2026-01-13,0.0,0.009852927922878158,0.0069576727880554246
2026-01-14,0.009433962264150943,0.009706407776358011,0.0069624722069982475
2026-01-15,0.00390625,0.010662691929363475,0.0069672716259410695
2026-01-15,0.008547008547008548,0.011515252829274151,0.0069720710448838916
2026-01-16,0.005813953488372093,0.011547197531069364,0.0069768704638267145
2026-01-16,0.047619047619047616,0.01117266569586337,0.0069816698827695365
2026-01-17,0.002105263157894737,0.01115582239042946,0.006986469301712359
2026-01-17,0.07142857142857142,0.01166486162256067,0.0069912687206551815
2026-01-18,0.009794319294809012,0.011462309855440932,0.0069960681395980035
2026-01-19,0.003067484662576687,0.012374674801419322,0.007000867558540826
2026-01-19,0.0,0.010800333551458959,0.0070056669774836485
2026-01-20,0.00648508430609598,0.010716485592711242,0.0070104663964264706
2026-01-20,0.0,0.011355436717099258,0.007015265815369293
2026-01-21,0.006389776357827476,0.011306404378199965,0.007020065234312115
2026-01-22,0.004439511653718091,0.011689546140652072,0.007024864653254938
2026-01-22,0.0,0.011571760510498953,0.00702966407219776
2026-01-23,0.028688524590163935,0.012472661411399853,0.007034463491140582
2026-01-23,0.027439024390243903,0.012293513999888461,0.007039262910083404
2026-01-24,0.007963594994311717,0.012391616168838233,0.007044062329026227
2026-01-24,0.0,0.012200612597552972,0.007048861747969049
2026-01-25,0.003355704697986577,0.01200681414794057,0.007053661166911871
2026-01-25,0.02040816326530612,0.010475347289840543,0.007058460585854694
2026-01-26,0.0036133694670280035,0.010405171851244054,0.007063260004797516
2026-01-26,0.02857142857142857,0.008152919598991802,0.007068059423740338
2026-01-27,0.005961251862891207,0.007826442289164834,0.007072858842683161
2026-01-28,0.002652519893899204,0.0077750058085423596,0.007077658261625983
2026-01-28,0.02564102564102564,0.008392289759159644,0.007082457680568805
2026-01-29,0.002333722287047841,0.008240719765493912,0.007087257099511628
2026-01-29,0.011494252873563218,0.008240719765493912,0.00709205651845445
2026-01-30,0.0,0.008117453554912224,0.007096855937397272
2026-01-30,0.02702702702702703,0.008154655018306806,0.007101655356340095
2026-01-31,0.0040595399188092015,0.008259039151918498,0.007106454775282917
2026-01-31,0.00684931506849315,0.009636088332246365,0.007111254194225739
2026-02-01,0.0028169014084507044,0.009566864813924224,0.007116053613168561
2026-02-01,0.0,0.009301411647447168,0.007120853032111383
2026-02-02,0.0016750418760469012,0.010185584945413571,0.007125652451054206
2026-02-02,0.0,0.010073728122147352,0.007130451869997028
2026-02-03,0.003861003861003861,0.009764284196245717,0.00713525128893985
2026-02-03,0.0,0.009643838547344786,0.007140050707882673
2026-02-04,0.001524390243902439,0.00976534075647586,0.007144850126825495
2026-02-04,0.018518518518518517,0.009566632361046153,0.007149649545768317
2026-02-05,0.001937984496124031,0.00983718939022387,0.00715444896471114
2026-02-05,0.0,0.011098890651925132,0.007159248383653962
2026-02-06,0.0026917900403768506,0.011309284347063884,0.007164047802596784
2026-02-06,0.005555555555555556,0.011561063219532411,0.007168847221539607
2026-02-07,0.003131524008350731,0.011955328452507323,0.007173646640482429
2026-02-07,0.07,0.012077819364471918,0.007178446059425251
2026-02-08,0.025362318840579712,0.012238200291909461,0.007183245478368074
2026-02-08,0.0,0.012009889789626357,0.007188044897310896
2026-02-09,0.026525198938992044,0.012012611433499253,0.007192844316253718
2026-02-09,0.0,0.012124094153677626,0.00719764373519654
2026-02-10,0.011124845488257108,0.012309999956305235,0.007202443154139362
2026-02-10,0.0,0.01288803463838616,0.007207242573082185
2026-02-11,0.03221649484536082,0.012944691321548867,0.007212041992025007
2026-02-11,0.0,0.013585716962574507,0.007216841410967829
2026-02-12,0.010769230769230769,0.013742265281556918,0.007221640829910652
2026-02-12,0.06349206349206349,0.013297296092570882,0.007226440248853474
2026-02-13,0.008645533141210375,0.013232696609366747,0.007231239667796296
2026-02-13,0.01904761904761905,0.013485632472058707,0.007236039086739119
2026-02-14,0.011827956989247311,0.01339590613737948,0.007240838505681941
2026-02-14,0.03070175438596491,0.013329910463517298,0.007245637924624763
2026-02-15,0.008870967741935484,0.01827603138041066,0.007250437343567586
2026-02-15,0.0,0.01613258239025012,0.007255236762510408
2026-02-16,0.002898550724637681,0.015916102579840857,0.00726003618145323
2026-02-16,0.0033444816053511705,0.016034557922176798,0.007264835600396053
2026-02-17,0.007252215954875101,0.015469873442101769,0.007269635019338875
2026-02-17,0.017341040462427744,0.015813044341209524,0.007274434438281697
2026-02-18,0.005560704355885079,0.016907417623469086,0.007279233857224519
2026-02-18,0.019230769230769232,0.017374133418114134,0.007284033276167342
2026-02-19,0.006220839813374806,0.01687005082640268,0.007288832695110164
2026-02-20,0.005169442848937392,0.017516403550317732,0.007293632114052986
2026-02-20,0.0,0.017157429191343374,0.007298431532995808
2026-02-21,0.007588075880758808,0.015499611196466047,0.007303230951938631
2026-02-21,0.0,0.01886439479495538,0.007308030370881453
2026-02-22,0.003575685339690107,0.01878017062909856,0.007312829789824275
2026-02-22,0.15151515151515152,0.01905704633572097,0.007317629208767098
2026-02-23,0.005696530295183843,0.018363390733886646,0.00732242862770992
2026-02-23,0.018867924528301886,0.018808432549896205,0.007327228046652742
2026-02-24,0.0035536602700781805,0.0191047288461925,0.007332027465595565
2026-02-24,0.009584664536741214,0.019008110488704575,0.007336826884538387
2026-02-25,0.01029512697323267,0.019089120550046898,0.007341626303481209
2026-02-25,0.04395604395604396,0.01884738001821773,0.007346425722424032
2026-02-26,0.01400147383935151,0.018454736511516853,0.007351225141366854
2026-02-26,0.017094017094017096,0.018269379699654018,0.007356024560309676
2026-02-27,0.019390581717451522,0.01830673827077762,0.007360823979252498
2026-02-27,0.0,0.01888677851846828,0.007365623398195321
2026-02-28,0.013757523645743766,0.019261809131768615,0.007370422817138143
2026-02-28,0.1095890410958904,0.021345142465101948,0.007375222236080965
2026-03-01,0.01652089407191448,0.021465340930768195,0.0073800216550237874
2026-03-01,0.020134228187919462,0.02402944349487076,0.00738482107396661
2026-03-02,0.009892086330935251,0.024179886609095445,0.007389620492909432
2026-03-02,0.022222222222222223,0.019129381558590397,0.0073944199118522545
2026-03-03,0.008888888888888889,0.019262673577375124,0.007399219330795077
2026-03-03,0.0,0.019773343899366202,0.007404018749737899
2026-03-04,0.005774783445620789,0.020002412449297857,0.0074088181686807215
2026-03-04,0.0,0.019930755106003763,0.007413617587623544
2026-03-05,0.0055617352614015575,0.01994472706403886,0.0074184170065663664
2026-03-05,0.0,0.019479525598837397,0.0074232164255091885
2026-03-06,0.020351526364477335,0.019677663234231636,0.007428015844452011
2026-03-06,0.023622047244094488,0.01986257964556314,0.0074328152633948335
2026-03-07,0.016420361247947456,0.01969854203418828,0.0074376146823376555
2026-03-07,0.0625,0.01969854203418828,0.007442414101280478
2026-03-08,0.011194029850746268,0.01946984297013475,0.0074472135202233005
2026-03-08,0.07692307692307693,0.01581687493360507,0.0074520129391661225
2026-03-09,0.008088978766430738,0.016368106839196903,0.007456812358108945
2026-03-09,0.0,0.015913768067621268,0.007461611777051767
2026-03-10,0.009695290858725761,0.016227532500090736,0.0074664111959945895
2026-03-10,0.03418803418803419,0.015959232704231885,0.007471210614937412
2026-03-11,0.010425716768027803,0.01663579867112043,0.007476010033880234
2026-03-11,0.007434944237918215,0.01694467898000074,0.0074808094528230566
2026-03-12,0.010714285714285714,0.01832007581905076,0.007485608871765879
2026-03-12,0.03,0.018776696823616972,0.007490408290708701
2026-03-13,0.019945602901178604,0.01960481916175043,0.007495207709651524
2026-03-13,0.022641509433962263,0.019905506446973798,0.007500007128594346
2026-03-14,0.014469453376205787,0.021286618802330275,0.007504806547537168
2026-03-14,0.0,0.02127384806751744,0.007509605966479991
2026-03-15,0.006896551724137931,0.021762284236841987,0.007514405385422813
2026-03-15,0.0,0.020108781120572905,0.007519204804365635
2026-03-15,0.03305785123966942,0.022711837268405175,0.007524004223308458
2026-03-16,0.0065040650406504065,0.02066213799648368,0.007528803642251279
2026-03-16,0.019305019305019305,0.023170283148713767,0.007533603061194102
2026-03-17,0.014173228346456693,0.02492266410109472,0.007538402480136925
2026-03-17,0.029185867895545316,0.025159711828773045,0.007543201899079746
2026-03-18,0.009266409266409266,0.024020110689171908,0.007548001318022569
2026-03-18,0.047036688617121354,0.023963707612042594,0.007552800736965391
2026-03-19,0.0136986301369863,0.024104829851953297,0.007557600155908213
2026-03-19,0.030405405405405407,0.024812649721115018,0.007562399574851036
2026-03-20,0.00902061855670103,0.024032210599358537,0.007567198993793858
2026-03-20,0.06178489702517163,0.02409551250912507,0.00757199841273668
2026-03-21,0.023238925199709513,0.02382623242119688,0.007576797831679503
2026-03-21,0.031073446327683617,0.02402767799241737,0.007581597250622325
2026-03-22,0.012894906511927788,0.02482767799241737,0.007586396669565147
2026-03-22,0.08928571428571429,0.024597792934946107,0.00759119608850797
2026-03-23,0.015432098765432098,0.024597792934946107,0.007595995507450792
2026-03-23,0.08333333333333333,0.02450596557039147,0.007600794926393614
2026-03-23,0.052571428571428575,0.02428916340236979,0.007605594345336437
2026-03-24,0.01680672268907563,0.023645662758869146,0.007610393764279259
2026-03-24,0.0,0.023173221813987253,0.007615193183222081
2026-03-24,0.008733624454148471,0.022200359550802413,0.007619992602164904
2026-03-25,0.011668611435239206,0.021891479241922102,0.007624792021107725
2026-03-25,0.03194888178913738,0.02032358962135139,0.007629591440050548
2026-03-26,0.006586826347305389,0.01986696861678518,0.00763439085899337
2026-03-26,0.021844660194174758,0.01885345510327167,0.007639190277936192
2026-03-27,0.014563106796116505,0.0185527678180483,0.007643989696879015
2026-03-27,0.020512820512820513,0.016493271250542577,0.007648789115821837
2026-03-28,0.024,0.01571864041055226,0.007653588534764659
2026-03-28,0.0,0.01468285886629614,0.007658387953707482
2026-03-29,0.0,0.014253028649231881,0.007663187372650304
2026-03-29,0.030303030303030304,0.011276838173041403,0.007667986791593126
2026-03-30,0.0,0.010762434880860336,0.007672786210535949
2024-10-12,0.0,0.007984657103082557,0.007677585629478771
2024-10-13,0.0,0.006232276150701604,0.007682385048421593
2024-10-14,0.0,0.00567205206106575,0.007687184467364416
2024-10-15,0.0,0.00567205206106575,0.007691983886307238
2024-10-16,0.0,0.005380931245927468,0.00769678330525006
2024-10-17,0.0,0.004991977531419494,0.007701582724192883
2024-10-18,0.0,0.003927014805114915,0.007706382143135704
2024-10-21,0.0,0.0037074539268714024,0.007711181562078527
2024-10-24,0.0,0.002979298587065577,0.00771598098102135
2024-10-25,0.0,0.002493861693861693,0.007720780399964171
2024-10-27,0.0,0.0018101010101010096,0.007725579818906994
2024-10-28,0.0,0.0010101010101010097,0.007730379237849816
2024-10-30,0.0,0.0010101010101010097,0.007735178656792638
2024-11-04,0.0,0.0010101010101010097,0.007739978075735461
2024-11-05,0.0,0.0,0.007744777494678283
2024-11-06,0.0,0.0,0.007749576913621105
2024-11-14,0.0,0.0,0.007754376332563928
2024-11-18,0.0,0.0,0.00775917575150675
2024-11-29,0.0,0.0,0.007763975170449572
2024-12-03,0.0,0.0,0.007768774589392395
2024-12-11,0.0,0.0,0.007773574008335217
2024-12-12,0.0,0.0,0.007778373427278039
2024-12-13,0.0,0.0,0.007783172846220862
2024-12-21,0.0,0.0,0.007787972265163683
2024-12-30,0.0,0.0,0.007792771684106506
2025-01-02,0.0,0.0,0.007797571103049329
2025-01-07,0.0,0.0,0.00780237052199215
2025-01-19,0.0,0.0,0.007807169940934973
2025-01-27,0.0,0.0,0.007811969359877795
2025-01-28,0.0,0.0,0.007816768778820617
2025-01-29,0.0,0.0,0.00782156819776344
2025-01-30,0.0,0.0,0.007826367616706263
2025-02-01,0.0,0.0,0.007831167035649084
2025-02-06,0.0,0.0,0.007835966454591907
2025-02-08,0.0,0.0,0.00784076587353473
2025-02-11,0.0,0.0,0.007845565292477551
2025-02-12,0.0,0.0,0.007850364711420374
2025-02-13,0.0,0.0,0.007855164130363197
2025-02-14,0.0,0.0,0.007859963549306018
2025-02-15,0.0,0.0,0.007864762968248841
2025-02-17,0.0,0.0,0.007869562387191662
2025-02-18,0.0,0.0,0.007874361806134485
2025-02-27,0.0,0.0,0.007879161225077308
2025-03-01,0.0,0.0,0.00788396064402013
2025-03-02,0.0,0.0,0.007888760062962952
2025-03-03,0.0,0.0,0.007893559481905774
2025-03-04,0.0,0.0,0.007898358900848597
2025-03-05,0.0,0.0,0.00790315831979142
2025-03-06,0.0,0.0,0.00790795773873424
2025-03-07,0.0,0.0,0.007912757157677064
2025-03-09,0.0,0.0,0.007917556576619886
2025-03-10,0.0,0.0,0.007922355995562708
2025-03-15,0.0,0.0007575757575757571,0.00792715541450553
2025-03-26,0.0,0.0007575757575757571,0.007931954833448353
2025-03-28,0.0,0.0014520202020202016,0.007936754252391175
2025-03-29,0.0,0.0014520202020202016,0.007941553671333998
2025-03-31,0.0,0.0014520202020202016,0.00794635309027682
2025-04-01,0.0,0.002176657883179622,0.007951152509219642
2025-04-17,0.0,0.003458709165230904,0.007955951928162465
2025-04-29,0.0,0.004335902147687045,0.007960751347105288
2025-05-01,0.0,0.005851053662838559,0.007965550766048109
2025-05-04,0.0,0.0073003290251574,0.007970350184990932
2025-05-25,0.0,0.0073003290251574,0.007975149603933755
2025-06-02,0.0,0.0073003290251574,0.007979949022876576
2025-06-04,0.0,0.0073003290251574,0.007984748441819399
2025-06-08,0.0,0.0073003290251574,0.007989547860762222
2025-06-09,0.022727272727272728,0.0073003290251574,0.007994347279705043
2025-06-10,0.0,0.0073003290251574,0.007999146698647866
2025-06-11,0.020833333333333332,0.0073003290251574,0.008003946117590689
2025-06-12,0.0,0.0073003290251574,0.00800874553653351
2025-06-13,0.0,0.0073003290251574,0.008013544955476333
2025-06-14,0.021739130434782608,0.0073003290251574,0.008018344374419156
2025-06-15,0.038461538461538464,0.0073003290251574,0.008023143793361977
2025-06-16,0.02631578947368421,0.0073003290251574,0.0080279432123048
2025-06-17,0.045454545454545456,0.0073003290251574,0.008032742631247623
2025-06-18,0.043478260869565216,0.0073003290251574,0.008037542050190444
2025-06-19,0.0,0.0073003290251574,0.008042341469133267
2025-06-20,0.0,0.0073003290251574,0.008047140888076088
2025-06-21,0.0,0.0073003290251574,0.00805194030701891
2025-06-22,0.0,0.0073003290251574,0.008056739725961734
2025-06-23,0.0,0.0073003290251574,0.008061539144904555
2025-06-24,0.0,0.0073003290251574,0.008066338563847378
2025-06-25,0.0,0.006542753267581642,0.008071137982790199
2025-06-26,0.0,0.006542753267581642,0.008075937401733022
2025-06-27,0.0,0.005848308823137198,0.008080736820675845
2025-06-28,0.0,0.006377409352237727,0.008085536239618666
2025-06-29,0.0,0.006834030356803938,0.008090335658561489
2025-06-30,0.0,0.006109392675644517,0.008095135077504312
2025-07-01,0.0,0.004827341393593235,0.008099934496447133
2025-07-02,0.0,0.0039501484111370945,0.008104733915389956
2025-07-03,0.0,0.002434996895985579,0.008109533334332779
2025-07-04,0.0,0.0009857215336667386,0.0081143327532756
2025-07-05,0.0,0.0009857215336667386,0.008119132172218423
2025-07-06,0.0,0.0009857215336667386,0.008123931591161246
2025-07-07,0.0,0.0009857215336667386,0.008128731010104067
2025-07-08,0.0,0.0009857215336667386,0.00813353042904689
2025-07-09,0.0,0.0009857215336667386,0.008138329847989713
2025-07-10,0.0,0.0009857215336667386,0.008143129266932534
2025-07-11,0.0,0.0009857215336667386,0.008147928685875357
2025-07-12,0.015873015873015872,0.0009857215336667386,0.00815272810481818
2025-07-13,0.0136986301369863,0.0009857215336667386,0.008157527523761001
2025-07-14,0.0,0.0009857215336667386,0.008162326942703824
2025-07-15,0.0,0.0009857215336667386,0.008167126361646647
2025-07-16,0.0,0.0009857215336667386,0.008171925780589468
2025-07-17,0.0,0.0009857215336667386,0.008176725199532291
2025-07-18,0.0,0.0009857215336667386,0.008181524618475114
2025-07-19,0.0,0.0009857215336667386,0.008186324037417935
2025-07-20,0.0,0.0009857215336667386,0.008191123456360758
2025-07-21,0.0,0.0009857215336667386,0.008195922875303581
2025-07-22,0.0,0.0009857215336667386,0.008200722294246402
2025-07-23,0.0,0.0009857215336667386,0.008205521713189225
2025-07-24,0.0,0.0009857215336667386,0.008210321132132046
2025-07-25,0.0,0.0009857215336667386,0.008215120551074869
2025-07-26,0.0,0.0009857215336667386,0.008219919970017692
2025-07-27,0.0,0.0009857215336667386,0.008224719388960513
2025-07-28,0.0,0.00045662100456620954,0.008229518807903336
2025-07-29,0.0,0.0,0.008234318226846157
2025-07-30,0.0,0.0,0.00823911764578898
2025-07-31,0.0,0.0,0.008243917064731803
2025-08-01,0.0,0.0,0.008248716483674624
2025-08-02,0.0,0.0,0.008253515902617447
2025-08-03,0.0,0.0,0.00825831532156027
2025-08-04,0.0,0.0,0.008263114740503091
2025-08-05,0.0,0.002083333333333333,0.008267914159445914
2025-08-06,0.0,0.002083333333333333,0.008272713578388737
2025-08-07,0.0,0.002083333333333333,0.008277512997331558
2025-08-08,0.0,0.002083333333333333,0.008282312416274381
2025-08-09,0.0,0.002083333333333333,0.008287111835217204
2025-08-10,0.0,0.002083333333333333,0.008291911254160025
2025-08-11,0.0,0.002083333333333333,0.008296710673102848
2025-08-12,0.0,0.004464285714285713,0.008301510092045671
2025-08-13,0.0,0.004464285714285713,0.008306309510988492
2025-08-14,0.0,0.004464285714285713,0.008311108929931315
2025-08-15,0.0,0.004464285714285713,0.008315908348874138
2025-08-16,0.0,0.004464285714285713,0.00832070776781696
2025-08-17,0.0,0.004464285714285713,0.008325507186759782
2025-08-18,0.0,0.004464285714285713,0.008330306605702605
2025-08-19,0.0625,0.004464285714285713,0.008335106024645426
2025-08-20,0.0,0.004464285714285713,0.00833990544358825
2025-08-21,0.0,0.004464285714285713,0.008344704862531072
2025-08-22,0.0,0.004464285714285713,0.008349504281473893
2025-08-23,0.0,0.004464285714285713,0.008354303700416716
2025-08-24,0.0,0.004464285714285713,0.00835910311935954
2025-08-25,0.0,0.004464285714285713,0.00836390253830236
2025-08-26,0.07142857142857142,0.004464285714285713,0.008368701957245183
2025-08-27,0.0,0.004464285714285713,0.008373501376188006
2025-08-28,0.0,0.004464285714285713,0.008378300795130827
2025-08-29,0.0,0.004464285714285713,0.00838310021407365
2025-08-30,0.0,0.004464285714285713,0.008387899633016472
2025-08-31,0.0,0.004464285714285713,0.008392699051959294
2025-09-01,0.0,0.004464285714285713,0.008397498470902117
2025-09-02,0.0,0.004464285714285713,0.008402297889844939
2025-09-03,0.0,0.004464285714285713,0.008407097308787762
2025-09-04,0.0,0.0023809523809523803,0.008411896727730583
2025-09-05,0.0,0.0023809523809523803,0.008416696146673406
2025-09-06,0.0,0.002563101743429612,0.008421495565616229
2025-09-07,0.0,0.002563101743429612,0.00842629498455905
2025-09-08,0.0,0.002563101743429612,0.008431094403501873
2025-09-09,0.0,0.002563101743429612,0.008435893822444696
2025-09-10,0.0,0.002563101743429612,0.008440693241387517
2025-09-11,0.0,0.00018214936247723087,0.00844549266033034
2025-09-12,0.0,0.00018214936247723087,0.008450292079273163
2025-09-13,0.0,0.00018214936247723087,0.008455091498215984
2025-09-14,0.0,0.00018214936247723087,0.008459890917158807
2025-09-15,0.0,0.00018214936247723087,0.00846469033610163
2025-09-16,0.0,0.00018214936247723087,0.00846948975504445
2025-09-17,0.0,0.00018214936247723087,0.008474289173987274
2025-09-18,0.0,0.00018214936247723087,0.008479088592930097
2025-09-19,0.0,0.00018214936247723087,0.008483888011872918
2025-09-20,0.00546448087431694,0.00018214936247723087,0.00848868743081574
2025-09-21,0.0,0.00018214936247723087,0.008493486849758564
2025-09-22,0.0,0.00018214936247723087,0.008498286268701385
2025-09-23,0.0,0.00018214936247723087,0.008503085687644208
2025-09-24,0.0,0.00047976841009627843,0.00850788510658703
2025-09-25,0.0,0.00047976841009627843,0.008512684525529852
2025-09-26,0.0,0.00047976841009627843,0.008517483944472675
2025-09-27,0.0,0.00047976841009627843,0.008522283363415498
2025-09-28,0.0,0.00047976841009627843,0.008527082782358319
2025-09-29,0.0,0.00047976841009627843,0.008531882201301142
2025-09-30,0.0,0.00047976841009627843,0.008536681620243965
2025-10-01,0.0,0.00047976841009627843,0.008541481039186786
2025-10-02,0.0,0.00047976841009627843,0.008546280458129609
2025-10-03,0.0,0.00047976841009627843,0.008551079877072432
2025-10-04,0.0,0.00047976841009627843,0.008555879296015253
2025-10-05,0.0,0.00047976841009627843,0.008560678714958076
2025-10-06,0.0,0.00029761904761904716,0.008565478133900897
2025-10-07,0.0,0.00029761904761904716,0.00857027755284372
2025-10-08,0.008928571428571428,0.00029761904761904716,0.008575076971786541
2025-10-09,0.0,0.00029761904761904716,0.008579876390729364
2025-10-10,0.0,0.00029761904761904716,0.008584675809672187
2025-10-11,0.0,0.00029761904761904716,0.008589475228615008
2025-10-12,0.0,0.00029761904761904716,0.008594274647557831
2025-10-13,0.0,0.00029761904761904716,0.008599074066500654
2025-10-14,0.0,0.00029761904761904716,0.008603873485443475
2025-10-15,0.0,0.00029761904761904716,0.008608672904386298
2025-10-16,0.0,0.00029761904761904716,0.008613472323329121
2025-10-17,0.0,0.00029761904761904716,0.008618271742271942
2025-10-18,0.0,0.00029761904761904716,0.008623071161214765
2025-10-19,0.0,0.00029761904761904716,0.008627870580157588
2025-10-20,0.0,0.00029761904761904716,0.008632669999100409
2025-10-21,0.0,0.00029761904761904716,0.008637469418043232
2025-10-22,0.0,0.00029761904761904716,0.008642268836986055
2025-10-23,0.0,0.00029761904761904716,0.008647068255928876
2025-10-24,0.0,0.0,0.008651867674871699
2025-10-25,0.0,0.0,0.008656667093814522
2025-10-26,0.0,0.0,0.008661466512757343
2025-10-27,0.0,0.0,0.008666265931700166
2025-10-28,0.0,0.0,0.008671065350642989
2025-10-29,0.0,0.0,0.00867586476958581
2025-10-30,0.0,0.0,0.008680664188528633
2025-10-31,0.0,0.0,0.008685463607471456
2025-11-01,0.0,0.0,0.008690263026414277
2025-11-02,0.0,0.0,0.0086950624453571
2025-11-03,0.0,0.0,0.008699861864299923
2025-11-04,0.0,0.0,0.008704661283242744
2025-11-05,0.0,0.0,0.008709460702185567
2025-11-06,0.0,0.0,0.00871426012112839
2025-11-07,0.0,0.0,0.008719059540071211
2025-11-08,0.0,0.0,0.008723858959014034
2025-11-09,0.0,0.0,0.008728658377956855
2025-11-10,0.0,0.0,0.008733457796899678
2025-11-11,0.0,0.0,0.008738257215842501
2025-11-12,0.0,0.0,0.008743056634785322
2025-11-13,0.0,0.0,0.008747856053728145
2025-11-14,0.0,0.0,0.008752655472670966
2025-11-15,0.0,0.0,0.00875745489161379
2025-11-16,0.0,0.0,0.008762254310556612
2025-11-17,0.0,0.0,0.008767053729499433
2025-11-18,0.0,0.0,0.008771853148442256
2025-11-19,0.0,0.0,0.00877665256738508
2025-11-20,0.0,0.0,0.0087814519863279
2025-11-21,0.0,0.0,0.008786251405270723
2025-11-22,0.0,0.0,0.008791050824213546
2025-11-23,0.0,0.0,0.008795850243156367
2025-11-24,0.0,0.0,0.00880064966209919
2025-11-25,0.0,0.0,0.008805449081042013
2025-11-26,0.0,0.0,0.008810248499984834
2025-11-27,0.0,0.0,0.008815047918927657
2025-11-28,0.0,0.0,0.00881984733787048
2025-11-29,0.0,0.0,0.008824646756813301
2025-11-30,0.0,0.0,0.008829446175756124
2025-12-01,0.0,0.0,0.008834245594698947
2025-12-02,0.0,0.0,0.008839045013641769
2025-12-03,0.0,0.0,0.008843844432584591
2025-12-04,0.0,0.0,0.008848643851527414
2025-12-05,0.0,0.0,0.008853443270470236
2025-12-06,0.0,0.00013661202185792304,0.008858242689413058
2025-12-07,0.0,0.00041790597403795114,0.008863042108355881
2025-12-08,0.0,0.0005704612753346713,0.008867841527298703
2025-12-09,0.0,0.0005704612753346713,0.008872640946241525
2025-12-10,0.0,0.0009603248230929558,0.008877440365184348
2025-12-11,0.0,0.0011504388915340206,0.00888223978412717
2025-12-12,0.0,0.0014313377679385148,0.008887039203069992
2025-12-13,0.0,0.0016543032082952595,0.008891838622012815
2025-12-14,0.0,0.0017773044383075597,0.008896638040955637
2025-12-15,0.0,0.0018572404894666324,0.00890143745989846
2025-12-16,0.0,0.0022839071561332994,0.00890623687884128
2025-12-17,0.0,0.0024415115690568606,0.008911036297784104
2025-12-18,0.0,0.0026081782357235276,0.008915835716726925
2025-12-19,0.0,0.0027473570805391155,0.008920635135669748
2025-12-20,0.004098360655737705,0.002886827094486117,0.00892543455461257
2025-12-21,0.008438818565400843,0.0029489003409169053,0.008930233973555392
2025-12-22,0.004576659038901602,0.0032159230378461445,0.008935033392498215
2025-12-23,0.0,0.003344623166546273,0.008939832811441038
2025-12-24,0.011695906432748537,0.003515856043258602,0.008944632230383859
2025-12-25,0.005703422053231939,0.0038388534592792736,0.008949431649326682
2025-12-26,0.008426966292134831,0.004054603189592111,0.008954231068269505
2025-12-27,0.006688963210702341,0.00422686847813647,0.008959030487212326
2025-12-28,0.0036900369003690036,0.004442618208449306,0.008963829906155149
2025-12-29,0.002398081534772182,0.004566841810933779,0.008968629325097972
2025-12-30,0.0128,0.004667954045514163,0.008973428744040793
2025-12-31,0.004728132387706856,0.004982419454319194,0.008978228162983616
2026-01-01,0.005,0.005141401966242882,0.008983027581926439
2026-01-02,0.0041753653444676405,0.005389694951966036,0.00898782700086926
2026-01-03,0.0041841004184100415,0.0054934293918000605,0.008992626419812083
2026-01-04,0.00186219739292365,0.005819906701627028,0.008997425838754906
2026-01-05,0.00801068090787717,0.005779773213295395,0.009002225257697727
2026-01-06,0.003861003861003861,0.005697128446653706,0.00900702467664055
2026-01-07,0.005136986301369863,0.0057575656906179015,0.009011824095583373
2026-01-08,0.009689922480620155,0.005902178850415443,0.009016623514526194
2026-01-09,0.006472491909385114,0.006455711529072252,0.009021422933469017
2026-01-10,0.00516795865633075,0.006493017863490188,0.00902622235241184
2026-01-11,0.006472491909385114,0.006353511705360702,0.009031021771354661
2026-01-12,0.0037267080745341614,0.006344392830093506,0.009035821190297484
2026-01-13,0.003033367037411527,0.006420099995510913,0.009040620609240307
2026-01-14,0.009433962264150943,0.006466267349143769,0.009045420028183128
2026-01-15,0.0047694753577106515,0.006145532885866932,0.00905021944712595
2026-01-16,0.0074487895716946,0.006172908125181624,0.009055018866068774
2026-01-17,0.0031120331950207467,0.00615690059222494,0.009059818285011595
2026-01-18,0.009794319294809012,0.0061054410456549656,0.009064617703954418
2026-01-19,0.002894356005788712,0.006017095776084242,0.009069417122897239
2026-01-20,0.0059594755661501785,0.006069570066881403,0.009074216541840062
2026-01-21,0.006389776357827476,0.005896444083567187,0.009079015960782885
2026-01-22,0.004338394793926247,0.005832094019217124,0.009083815379725706
2026-01-23,0.02830188679245283,0.005769203504368284,0.009088614798668529
2026-01-24,0.00682261208576998,0.005761265949721273,0.00909341421761135
2026-01-25,0.0042417815482502655,0.006268656715276203,0.009098213636554173
2026-01-26,0.006415396952686447,0.0068531072799289695,0.009103013055496996
2026-01-27,0.005961251862891207,0.006969215956695779,0.009107812474439817
2026-01-28,0.0037831021437578815,0.007649368158587111,0.00911261189338264
2026-01-29,0.0031779661016949155,0.008062514923539219,0.009117411312325463
2026-01-30,0.005549389567147614,0.008081800036219378,0.009122210731268284
2026-01-31,0.004519774011299435,0.008440952239321595,0.009127010150211107
2026-02-01,0.002631578947368421,0.008483433771177083,0.00913180956915393
2026-02-02,0.0015337423312883436,0.008479649356330565,0.009136608988096751
2026-02-03,0.003436426116838488,0.00843605747790388,0.009141408407039574
2026-02-04,0.0028169014084507044,0.00853565737575014,0.009146207825982397
2026-02-05,0.0019305019305019305,0.008544369517324294,0.009151007244925218
2026-02-06,0.0032502708559046588,0.008498321880243678,0.009155806663868041
2026-02-07,0.00945179584120983,0.008601935670800748,0.009160606082810864
2026-02-08,0.02169421487603306,0.00796434984193917,0.009165405501753685
2026-02-09,0.022701475595913734,0.007938542342305977,0.009170204920696508
2026-02-10,0.00995575221238938,0.00795218838372089,0.009175004339639331
2026-02-11,0.02413127413127413,0.008147471878924194,0.009179803758582152
2026-02-12,0.015427769985974754,0.008423661719586752,0.009184603177524975
2026-02-13,0.010012515644555695,0.0088871561248601,0.009189402596467798
2026-02-14,0.015544041450777202,0.009596095324576967,0.00919420201541062
2026-02-15,0.008723235527359239,0.009988859957694152,0.009199001434353442
2026-02-16,0.0029985007496251873,0.01018392251802047,0.009203800853296265
2026-02-17,0.008486562942008486,0.010325613635007707,0.009208600272239086
2026-02-18,0.0058823529411764705,0.010464783847815065,0.00921339969118191
2026-02-19,0.006220839813374806,0.010526977208430877,0.009218199110124732
2026-02-20,0.005008347245409015,0.011122925969429539,0.009222998529067553
2026-02-21,0.007446808510638298,0.011645242571746142,0.009227797948010376
2026-02-22,0.009174311926605505,0.01193108596992207,0.009232597366953199
2026-02-23,0.006048387096774193,0.011836229796960192,0.00923739678589602
2026-02-24,0.004651162790697674,0.011497458295326888,0.009242196204838843
2026-02-25,0.01227390180878553,0.011069380939782346,0.009246995623781664
2026-02-26,0.014246947082767978,0.011218291763471932,0.009251795042724487
2026-02-27,0.017687934301958308,0.011096177167673126,0.009256594461667308
2026-02-28,0.024446142093200916,0.011019874372520194,0.009261393880610131
2026-03-01,0.01733232856066315,0.010961605944698916,0.009266193299552954
2026-03-02,0.010371650821089023,0.010734494287653756,0.009270992718495775
2026-03-03,0.006882312456985547,0.011085746492268417,0.009275792137438598
2026-03-04,0.005708848715509039,0.011862245435332933,0.009280591556381421
2026-03-05,0.005302226935312832,0.012246594529770243,0.009285390975324243
2026-03-06,0.020695364238410598,0.012737628550216028,0.009290190394267065
2026-03-07,0.0176,0.013358304966219266,0.009294989813209888
2026-03-08,0.011825572801182557,0.01407459623539279,0.00929978923215271
2026-03-09,0.006606110652353427,0.014783688790423103,0.009304588651095532
2026-03-10,0.011531069827033953,0.015001340722276954,0.009309388070038355
2026-03-11,0.009859154929577466,0.015293067730249962,0.009314187488981177
2026-03-12,0.014423076923076924,0.015458233901715978,0.009318986907924
2026-03-13,0.02046783625730994,0.015630982478164607,0.009323786326866822
2026-03-14,0.013138686131386862,0.01586530410022837,0.009328585745809644
2026-03-15,0.008264462809917356,0.015459868352778194,0.009333385164752466
2026-03-16,0.008730691739422432,0.014644996949671498,0.00933818458369529
2026-03-17,0.019260801665799063,0.014552330342395923,0.00934298400263811
2026-03-18,0.026293469041560644,0.014701640325299742,0.009347783421580933
2026-03-19,0.02001703577512777,0.01499124506116323,0.009352582840523756
2026-03-20,0.020613373554550025,0.015348260305226853,0.009357382259466578
2026-03-21,0.02484113229347198,0.01575010164002341,0.0093621816784094
2026-03-22,0.026497085320614733,0.01554404903175728,0.009366981097352223
2026-03-23,0.028719585161547666,0.015454659859224987,0.009371780516295045
2026-03-24,0.015703869882220976,0.01561961836186328,0.009376579935237868
2026-03-25,0.01480019733596448,0.016048833014697082,0.00938137935418069
2026-03-26,0.009606147934678195,0.01627472117408024,0.009386178773123512
2026-03-27,0.017456359102244388,0.01661238255536986,0.009390978192066335
2026-03-28,0.02127659574468085,0.016734010646052802,0.009395777611009157
2026-03-29,0.0055248618784530384,0.016514373845390614,0.009400577029951979
2026-03-30,0.0,0.01672535432751585,0.009405376448894802
